shot,club,block,model,window,center_source,tdm_residual,snapshot_half,max_range_m,n_snapshots,n_frames,launch_angle_deg,trackman_launch_deg,launch_error_deg,best_log_error,truth_log_error,truth_minus_best,median_cross_to_direct,median_double_to_direct,trackman_ball_ms,radar_ball_ms,radar_height_m,tilt_deg
62,9Iron,A,direct1,hann,peak,none,all,3.8,25,7,13.862926887710545,16.77799999999999,-2.9150731122894467,-0.9775600698402555,-0.9292916478017753,0.04826842203848014,nan,nan,44.569814121076114,43.08422175707952,0.1524,10.404948650719305
62,9Iron,A,two2,hann,peak,none,all,3.8,25,7,13.78722293221237,16.77799999999999,-2.990777067787622,-1.0560156962151124,-1.00736075645997,0.048654939755142346,nan,0.18865460546997237,44.569814121076114,43.08422175707952,0.1524,10.404948650719305
62,9Iron,A,four3,hann,peak,none,all,3.8,25,7,15.084129627415788,16.77799999999999,-1.693870372584204,-1.1623233389394365,-1.1545982921249716,0.007725046814464953,0.21577266919932514,0.1611426365184812,44.569814121076114,43.08422175707952,0.1524,10.404948650719305
62,9Iron,A,four4,hann,peak,none,all,3.8,25,7,14.719773510991974,16.77799999999999,-2.0582264890080175,-1.3316457437723916,-1.323912013734033,0.007733730038358644,0.280901054035539,0.13238670751460815,44.569814121076114,43.08422175707952,0.1524,10.404948650719305
63,9Iron,A,direct1,hann,peak,none,all,3.8,16,4,7.9747853677611165,11.487999999999987,-3.5132146322388706,-0.8032502436118322,-0.7780020049171936,0.025248238694638547,nan,nan,39.92060582760378,39.69922948327173,0.1524,10.404948650719305
63,9Iron,A,two2,hann,peak,none,all,3.8,16,4,8.245037284770422,11.487999999999987,-3.242962715229565,-0.9352870799530003,-0.9136699070861142,0.021617172866886136,nan,0.261663075732392,39.92060582760378,39.69922948327173,0.1524,10.404948650719305
63,9Iron,A,four3,hann,peak,none,all,3.8,16,4,6.335599144175081,11.487999999999987,-5.152400855824906,-0.9750005355714907,-0.9609231450683592,0.014077390503131504,0.3524449501988307,0.3728037449879624,39.92060582760378,39.69922948327173,0.1524,10.404948650719305
63,9Iron,A,four4,hann,peak,none,all,3.8,16,4,4.159544197192131,11.487999999999987,-7.328455802807856,-1.1631065340544435,-1.1361424625710432,0.026964071483400298,0.574645761351301,0.3438213574240182,39.92060582760378,39.69922948327173,0.1524,10.404948650719305
64,9Iron,A,direct1,hann,peak,none,all,3.8,21,6,16.09268165776355,20.468999999999983,-4.376318342236434,-1.0091375238644702,-0.887510409595646,0.12162711426882422,nan,nan,49.263726340447214,47.26284337702736,0.1524,10.404948650719305
64,9Iron,A,two2,hann,peak,none,all,3.8,21,6,15.504392448878791,20.468999999999983,-4.964607551121192,-1.0600824847193406,-0.9342957668154351,0.1257867179039055,nan,0.15753664120227706,49.263726340447214,47.26284337702736,0.1524,10.404948650719305
64,9Iron,A,four3,hann,peak,none,all,3.8,21,6,18.002485743296035,20.468999999999983,-2.466514256703949,-1.1840870061294213,-1.1580530875213064,0.02603391860811488,0.23655293303246228,0.16533967710126302,49.263726340447214,47.26284337702736,0.1524,10.404948650719305
64,9Iron,A,four4,hann,peak,none,all,3.8,21,6,17.834660775461927,20.468999999999983,-2.6343392245380564,-1.2393744086182519,-1.212732447762164,0.026641960856087943,0.30526034497499227,0.1408213726059574,49.263726340447214,47.26284337702736,0.1524,10.404948650719305
65,9Iron,A,direct1,hann,peak,none,all,3.8,24,6,13.116603738545532,17.449000000000005,-4.332396261454473,-1.0359454378962376,-0.9613441181776047,0.07460131971863293,nan,nan,49.75546952533371,47.4667803687637,0.1524,10.404948650719305
65,9Iron,A,two2,hann,peak,none,all,3.8,24,6,12.84159079296554,17.449000000000005,-4.607409207034465,-1.161311259137194,-1.0638440559936932,0.09746720314350066,nan,0.201630856192759,49.75546952533371,47.4667803687637,0.1524,10.404948650719305
65,9Iron,A,four3,hann,peak,none,all,3.8,24,6,14.05591748336369,17.449000000000005,-3.3930825166363157,-1.2512285490402053,-1.2278862201338827,0.023342328906322596,0.20484625133687281,0.16562574859833282,49.75546952533371,47.4667803687637,0.1524,10.404948650719305
65,9Iron,A,four4,hann,peak,none,all,3.8,24,6,13.119794173928732,17.449000000000005,-4.329205826071274,-1.422051576242685,-1.3887944496827493,0.033257126559935735,0.2888802631557683,0.16062997513632404,49.75546952533371,47.4667803687637,0.1524,10.404948650719305
66,9Iron,A,direct1,hann,peak,none,all,3.8,20,5,14.181662587384977,21.533999999999995,-7.352337412615018,-0.9287409993792884,-0.7395911436783877,0.1891498557009007,nan,nan,50.023693080726346,48.11344544831894,0.1524,10.404948650719305
66,9Iron,A,two2,hann,peak,none,all,3.8,20,5,13.700743760690754,21.533999999999995,-7.833256239309241,-1.0039279742387783,-0.7963380930525024,0.20758988118627597,nan,0.20682947611669555,50.023693080726346,48.11344544831894,0.1524,10.404948650719305
66,9Iron,A,four3,hann,peak,none,all,3.8,20,5,15.934231152395682,21.533999999999995,-5.599768847604313,-1.2036000734781473,-1.0912285371927921,0.11237153628535523,0.25031288625361403,0.13202694197496603,50.023693080726346,48.11344544831894,0.1524,10.404948650719305
66,9Iron,A,four4,hann,peak,none,all,3.8,20,5,17.407225387930627,21.533999999999995,-4.126774612069369,-1.3017662761722082,-1.2249890444281153,0.0767772317440929,0.31456382013641826,0.15200203257563266,50.023693080726346,48.11344544831894,0.1524,10.404948650719305
67,9Iron,A,direct1,hann,peak,none,all,3.8,22,6,16.347146335605878,21.057999999999993,-4.710853664394115,-1.0182452467926473,-0.9561362492719393,0.062108997520707976,nan,nan,48.23553604477545,45.86818820896334,0.1524,10.404948650719305
67,9Iron,A,two2,hann,peak,none,all,3.8,22,6,16.421161502544376,21.057999999999993,-4.636838497455617,-1.0712868569851628,-1.0127506908329165,0.05853616615224633,nan,0.14830086334300868,48.23553604477545,45.86818820896334,0.1524,10.404948650719305
67,9Iron,A,four3,hann,peak,none,all,3.8,22,6,15.195580452730981,21.057999999999993,-5.8624195472690115,-1.2668893950192095,-1.1913142593474004,0.07557513567180907,0.26661637173236574,0.12583744134048874,48.23553604477545,45.86818820896334,0.1524,10.404948650719305
67,9Iron,A,four4,hann,peak,none,all,3.8,22,6,15.700190003418703,21.057999999999993,-5.35780999658129,-1.3636427855000424,-1.3109261338752505,0.05271665162479189,0.2994459831807257,0.13518770751349432,48.23553604477545,45.86818820896334,0.1524,10.404948650719305
68,9Iron,A,direct1,hann,peak,none,all,3.8,20,5,-2.8314930647872956,5.689999999999997,-8.521493064787293,-1.14746355512677,-0.7989090188556466,0.3485545362711234,nan,nan,48.23553604477545,47.56644566975043,0.1524,10.404948650719305
68,9Iron,A,two2,hann,peak,none,all,3.8,20,5,-3.177159151377177,5.689999999999997,-8.867159151377173,-1.2520438873183355,-1.172806756492892,0.07923713082544359,nan,0.8828612287737085,48.23553604477545,47.56644566975043,0.1524,10.404948650719305
68,9Iron,A,four3,hann,peak,none,all,3.8,20,5,-2.4957907186406407,5.689999999999997,-8.185790718640638,-1.2810504580707076,-1.1994023440808714,0.08164811398983618,1.0039567806419638,1.0287130053275206,48.23553604477545,47.56644566975043,0.1524,10.404948650719305
68,9Iron,A,four4,hann,peak,none,all,3.8,20,5,-2.2507584532227254,5.689999999999997,-7.940758453222722,-1.4468776782132888,-1.38679970522124,0.06007797299204887,1.007121518540104,1.0178864226630577,48.23553604477545,47.56644566975043,0.1524,10.404948650719305
69,9Iron,A,direct1,hann,peak,none,all,3.8,18,6,18.55069253891086,21.013999999999996,-2.463307461089137,-0.9941716504240691,-0.9645891459081019,0.029582504515967223,nan,nan,52.21418544976619,50.25057192151659,0.1524,10.404948650719305
69,9Iron,A,two2,hann,peak,none,all,3.8,18,6,18.039591041946657,21.013999999999996,-2.9744089580533384,-1.0456569290269215,-1.008871208101532,0.036785720925389453,nan,0.1169263081812515,52.21418544976619,50.25057192151659,0.1524,10.404948650719305
69,9Iron,A,four3,hann,peak,none,all,3.8,18,6,17.711343348391402,21.013999999999996,-3.3026566516085936,-1.2526466706101578,-1.216997889519449,0.03564878109070868,0.2541636500661161,0.12050790016816398,52.21418544976619,50.25057192151659,0.1524,10.404948650719305
69,9Iron,A,four4,hann,peak,none,all,3.8,18,6,17.671501892499148,21.013999999999996,-3.342498107500848,-1.3131493790609412,-1.2768787046829673,0.03627067437797393,0.2884595551650715,0.16030215060902106,52.21418544976619,50.25057192151659,0.1524,10.404948650719305
70,9Iron,A,direct1,hann,peak,none,all,3.8,21,6,18.440582894444617,22.12999999999998,-3.689417105555364,-0.8834301644716649,-0.8227417276021199,0.06068843686954495,nan,nan,48.727279229661946,46.809339155828525,0.1524,10.404948650719305
70,9Iron,A,two2,hann,peak,none,all,3.8,21,6,18.213495448073722,22.12999999999998,-3.916504551926259,-0.9239185860229332,-0.8643680192291455,0.059550566793787674,nan,0.16190832329793106,48.727279229661946,46.809339155828525,0.1524,10.404948650719305
70,9Iron,A,four3,hann,peak,none,all,3.8,21,6,19.42313526817957,22.12999999999998,-2.70686473182041,-1.0790220711482166,-1.0455020882127672,0.03351998293544933,0.17846838091973197,0.1479952037034993,48.727279229661946,46.809339155828525,0.1524,10.404948650719305
70,9Iron,A,four4,hann,peak,none,all,3.8,21,6,20.07067359986386,22.12999999999998,-2.059326400136122,-1.1588588086746936,-1.1421930982923056,0.016665710382387955,0.28248835165984953,0.14446854728876593,48.727279229661946,46.809339155828525,0.1524,10.404948650719305
71,9Iron,A,direct1,hann,peak,none,all,3.8,17,5,18.71940981918304,21.279999999999987,-2.5605901808169484,-0.8779827787497373,-0.853321035055522,0.024661743694215255,nan,nan,49.442542044042305,47.82772354287831,0.1524,10.404948650719305
71,9Iron,A,two2,hann,peak,none,all,3.8,17,5,19.796400235465242,21.279999999999987,-1.4835997645347447,-0.911672671009244,-0.8964594138659114,0.015213257143332548,nan,0.12201535704345776,49.442542044042305,47.82772354287831,0.1524,10.404948650719305
71,9Iron,A,four3,hann,peak,none,all,3.8,17,5,18.058456635029685,21.279999999999987,-3.2215433649703016,-1.090358423214711,-1.0641293422194933,0.026229080995217702,0.3026681380124471,0.13624002871182206,49.442542044042305,47.82772354287831,0.1524,10.404948650719305
71,9Iron,A,four4,hann,peak,none,all,3.8,17,5,17.772365390629705,21.279999999999987,-3.5076346093702817,-1.1495361518202167,-1.1231160628848174,0.026420088935399377,0.3181566733149238,0.11041595494894191,49.442542044042305,47.82772354287831,0.1524,10.404948650719305
72,7Iron,A,direct1,hann,peak,none,all,3.8,29,8,7.133680867971364,1.6789999999999963,5.454680867971367,-0.8531003062601303,-0.7409041915281497,0.11219611473198066,nan,nan,34.19850331256091,34.01207683687395,0.1524,10.404948650719305
72,7Iron,A,two2,hann,peak,none,all,3.8,29,8,5.238228604609567,1.6789999999999963,3.559228604609571,-0.9310683063493224,-0.9176038567444779,0.013464449604844497,nan,0.29735434568067115,34.19850331256091,34.01207683687395,0.1524,10.404948650719305
72,7Iron,A,four3,hann,peak,none,all,3.8,29,8,8.090195518004144,1.6789999999999963,6.411195518004147,-0.9952496227059551,-0.9683677962450173,0.02688182646093773,0.5077389871371392,0.5422183967745622,34.19850331256091,34.01207683687395,0.1524,10.404948650719305
72,7Iron,A,four4,hann,peak,none,all,3.8,29,8,4.153342536102653,1.6789999999999963,2.474342536102657,-1.3072619446523392,-1.3025733148957204,0.004688629756618878,1.0264856020251087,0.7769789651836921,34.19850331256091,34.01207683687395,0.1524,10.404948650719305
73,7Iron,A,direct1,hann,peak,none,all,3.8,19,5,14.517501930628507,18.677999999999987,-4.16049806937148,-1.0731907335996238,-0.97798698158632,0.09520375201330378,nan,nan,50.470732339714075,48.94787602387909,0.1524,10.404948650719305
73,7Iron,A,two2,hann,peak,none,all,3.8,19,5,14.444908439787783,18.677999999999987,-4.233091560212204,-1.1194084527221402,-1.0265097383455,0.09289871437664021,nan,0.14533483831845084,50.470732339714075,48.94787602387909,0.1524,10.404948650719305
73,7Iron,A,four3,hann,peak,none,all,3.8,19,5,16.351357586877896,18.677999999999987,-2.326642413122091,-1.2076367803799826,-1.1913315612687976,0.016305219111184988,0.16283495702264675,0.11403183289453617,50.470732339714075,48.94787602387909,0.1524,10.404948650719305
73,7Iron,A,four4,hann,peak,none,all,3.8,19,5,16.04406174852192,18.677999999999987,-2.6339382514780674,-1.322515544119261,-1.306405448509859,0.01611009560940202,0.19806461685965338,0.13463898476220373,50.470732339714075,48.94787602387909,0.1524,10.404948650719305
74,7Iron,A,direct1,hann,peak,none,all,3.8,17,5,15.581604775577649,16.30699999999998,-0.7253952244223321,-0.9318739436466386,-0.9290396387275353,0.002834304919103303,nan,nan,53.91293463391955,52.245087594089,0.1524,10.404948650719305
74,7Iron,A,two2,hann,peak,none,all,3.8,17,5,15.425784077479292,16.30699999999998,-0.8812159225206884,-1.0108668727689942,-1.0064379521095874,0.00442892065940681,nan,0.13081525015788797,53.91293463391955,52.245087594089,0.1524,10.404948650719305
74,7Iron,A,four3,hann,peak,none,all,3.8,17,5,16.69968508791012,16.30699999999998,0.392685087910138,-1.0887882616858542,-1.088561492846084,0.00022676883977013063,0.15661770183817586,0.14192944301511487,53.91293463391955,52.245087594089,0.1524,10.404948650719305
74,7Iron,A,four4,hann,peak,none,all,3.8,17,5,13.601662927125945,16.30699999999998,-2.705337072874036,-1.2736306213637094,-1.2692642792622846,0.004366342101424836,0.25860867777126,0.1436651629705143,53.91293463391955,52.245087594089,0.1524,10.404948650719305
75,7Iron,A,direct1,hann,peak,none,all,3.8,20,5,15.28536621788785,17.240999999999993,-1.9556337821121428,-1.0191493800489466,-0.9978804212181261,0.021268958830820472,nan,nan,52.66122470875392,51.04982513255473,0.1524,10.404948650719305
75,7Iron,A,two2,hann,peak,none,all,3.8,20,5,15.287939591454295,17.240999999999993,-1.9530604085456975,-1.111585613511171,-1.0886993504651614,0.022886263046009603,nan,0.16033733362459818,52.66122470875392,51.04982513255473,0.1524,10.404948650719305
75,7Iron,A,four3,hann,peak,none,all,3.8,20,5,13.916372906975988,17.240999999999993,-3.324627093024004,-1.240644833240973,-1.224242046988611,0.01640278625236191,0.23579251681713861,0.17599146296716803,52.66122470875392,51.04982513255473,0.1524,10.404948650719305
75,7Iron,A,four4,hann,peak,none,all,3.8,20,5,14.246583228686456,17.240999999999993,-2.994416771313537,-1.3724103063917057,-1.3598815105244788,0.012528795867226883,0.2637508625129923,0.14373448967526253,52.66122470875392,51.04982513255473,0.1524,10.404948650719305
76,7Iron,A,direct1,hann,peak,none,all,3.8,21,6,6.798097572152242,12.092000000000013,-5.293902427847771,-0.850458286433715,-0.7673244341972403,0.08313385223647474,nan,nan,46.49208293472332,45.36356297306607,0.1524,10.404948650719305
76,7Iron,A,two2,hann,peak,none,all,3.8,21,6,8.482106596699548,12.092000000000013,-3.6098934033004646,-0.9636020910846491,-0.9309506603664989,0.03265143071815024,nan,0.3063821155330573,46.49208293472332,45.36356297306607,0.1524,10.404948650719305
76,7Iron,A,four3,hann,peak,none,all,3.8,21,6,9.059518432327915,12.092000000000013,-3.0324815676720984,-0.9926643763210077,-0.9872124999090214,0.005451876411986301,0.3002298487693458,0.3828434363343112,46.49208293472332,45.36356297306607,0.1524,10.404948650719305
76,7Iron,A,four4,hann,peak,none,all,3.8,21,6,7.662510142267437,12.092000000000013,-4.429489857732576,-1.2879723936944896,-1.275031872732411,0.012940520962078539,0.5928580840435544,0.3062057230036689,46.49208293472332,45.36356297306607,0.1524,10.404948650719305
77,7Iron,A,direct1,hann,peak,none,all,3.8,19,6,11.421992491981468,13.927999999999987,-2.5060075080185182,-0.8435506287331737,-0.8197592084012246,0.02379142033194903,nan,nan,46.447379008824555,45.31103690428078,0.1524,10.404948650719305
77,7Iron,A,two2,hann,peak,none,all,3.8,19,6,9.732076857675295,13.927999999999987,-4.195923142324691,-1.0309373217949056,-0.9787123670355825,0.052224954759323094,nan,0.34075716490763186,46.447379008824555,45.31103690428078,0.1524,10.404948650719305
77,7Iron,A,four3,hann,peak,none,all,3.8,19,6,14.951596730041429,13.927999999999987,1.023596730041442,-1.1521661225317439,-1.1501398777433658,0.0020262447883780954,0.39802474015895417,0.2838677945563493,46.447379008824555,45.31103690428078,0.1524,10.404948650719305
77,7Iron,A,four4,hann,peak,none,all,3.8,19,6,13.487729982588778,13.927999999999987,-0.4402700174112084,-1.3462221392643412,-1.3458007290008147,0.00042141026352648936,0.4733421643301445,0.18982555541780263,46.447379008824555,45.31103690428078,0.1524,10.404948650719305
78,7Iron,A,direct1,hann,peak,none,all,3.8,20,5,-5.0,6.121999999999985,-11.121999999999986,-1.5971089853605984,-0.8915311325102696,0.7055778528503288,nan,nan,30.97982064784929,30.635365440809792,0.1524,10.404948650719305
78,7Iron,A,two2,hann,peak,none,all,3.8,20,5,-4.690324534015388,6.121999999999985,-10.812324534015373,-1.8005365104876838,-1.6051009368098446,0.19543557367783926,nan,0.5363039401874905,30.97982064784929,30.635365440809792,0.1524,10.404948650719305
78,7Iron,A,four3,hann,peak,none,all,3.8,20,5,-4.565326627037963,6.121999999999985,-10.687326627037947,-1.8196976490310839,-1.6301186153552063,0.18957903367587758,0.7855094485552442,0.7432799901514742,30.97982064784929,30.635365440809792,0.1524,10.404948650719305
78,7Iron,A,four4,hann,peak,none,all,3.8,20,5,-4.0788571578444826,6.121999999999985,-10.200857157844467,-1.9096373004157212,-1.740026062047726,0.1696112383679953,0.8923083599651588,0.8378230761705202,30.97982064784929,30.635365440809792,0.1524,10.404948650719305
79,7Iron,A,direct1,hann,peak,none,all,3.8,22,6,7.883210233188495,15.657999999999998,-7.7747897668115025,-0.9254752853782938,-0.6955880873400813,0.22988719803821256,nan,nan,49.75546952533371,47.30214778733609,0.1524,10.404948650719305
79,7Iron,A,two2,hann,peak,none,all,3.8,22,6,8.917996423040087,15.657999999999998,-6.740003576959911,-1.0720608982564543,-0.8910577431612801,0.18100315509517428,nan,0.3459234094291079,49.75546952533371,47.30214778733609,0.1524,10.404948650719305
79,7Iron,A,four3,hann,peak,none,all,3.8,22,6,11.942775941106621,15.657999999999998,-3.7152240588933765,-1.1402535768878588,-1.118216295596026,0.0220372812918328,0.36891199909501043,0.3074323519606946,49.75546952533371,47.30214778733609,0.1524,10.404948650719305
79,7Iron,A,four4,hann,peak,none,all,3.8,22,6,8.91241079095936,15.657999999999998,-6.745589209040638,-1.3615016264580155,-1.3184372208770745,0.043064405580941045,0.44093833779952496,0.2483003300558,49.75546952533371,47.30214778733609,0.1524,10.404948650719305
80,7Iron,A,direct1,hann,peak,none,all,3.8,23,6,13.3851907828715,14.687999999999988,-1.3028092171284875,-0.6947243427244896,-0.6860415203544269,0.008682822370062682,nan,nan,47.430865378597545,45.21606063570799,0.1524,10.404948650719305
80,7Iron,A,two2,hann,peak,none,all,3.8,23,6,12.836074075133864,14.687999999999988,-1.8519259248661246,-0.7749951980030209,-0.7624509939299222,0.012544204073098641,nan,0.25975454695729644,47.430865378597545,45.21606063570799,0.1524,10.404948650719305
80,7Iron,A,four3,hann,peak,none,all,3.8,23,6,14.238700802219196,14.687999999999988,-0.4492991977807925,-0.8679077504729364,-0.8677363202751766,0.000171430197759892,0.22955866483829251,0.29746971651895976,47.430865378597545,45.21606063570799,0.1524,10.404948650719305
80,7Iron,A,four4,hann,peak,none,all,3.8,23,6,11.998631670774895,14.687999999999988,-2.6893683292250934,-1.0906590393022892,-1.0838299330053902,0.006829106296899035,0.47859708524527567,0.24964152745048948,47.430865378597545,45.21606063570799,0.1524,10.404948650719305
81,7Iron,A,direct1,hann,peak,none,all,3.8,20,5,5.428223016762694,9.146999999999982,-3.718776983237288,-0.6843830139327967,-0.642852229393369,0.04153078453942771,nan,nan,48.727279229661946,47.111467292198604,0.1524,10.404948650719305
81,7Iron,A,two2,hann,peak,none,all,3.8,20,5,6.468897605496696,9.146999999999982,-2.678102394503287,-0.7554365549664108,-0.7449921818852145,0.010444373081196279,nan,0.3071905365523248,48.727279229661946,47.111467292198604,0.1524,10.404948650719305
81,7Iron,A,four3,hann,peak,none,all,3.8,20,5,4.0497364420663065,9.146999999999982,-5.097263557933676,-0.7959740311857143,-0.7813641270138779,0.014609904171836385,0.48903795003450556,0.5167196786825305,48.727279229661946,47.111467292198604,0.1524,10.404948650719305
81,7Iron,A,four4,hann,peak,none,all,3.8,20,5,5.2186257206915485,9.146999999999982,-3.928374279308434,-0.9922500496987002,-0.9825152991930741,0.00973475050562611,0.7595515838461142,0.4919398072988582,48.727279229661946,47.111467292198604,0.1524,10.404948650719305
82,7Iron,A,direct1,hann,peak,none,all,3.8,23,6,13.34563774394611,17.27599999999998,-3.9303622560538685,-0.8403975973064591,-0.7706881538796191,0.06970944342684005,nan,nan,48.548463526066854,46.632556508514135,0.1524,10.404948650719305
82,7Iron,A,two2,hann,peak,none,all,3.8,23,6,13.120254161030594,17.27599999999998,-4.155745838969384,-0.936226336359188,-0.8558203278027828,0.08040600855640512,nan,0.26290381289830406,48.548463526066854,46.632556508514135,0.1524,10.404948650719305
82,7Iron,A,four3,hann,peak,none,all,3.8,23,6,15.588387020626985,17.27599999999998,-1.687612979372993,-1.0500835035140135,-1.0440529064257211,0.006030597088292344,0.2888612828719035,0.1518090748285718,48.548463526066854,46.632556508514135,0.1524,10.404948650719305
82,7Iron,A,four4,hann,peak,none,all,3.8,23,6,14.67051543825737,17.27599999999998,-2.6054845617426086,-1.1815752343857928,-1.170035091482435,0.01154014290335792,0.30108774610633604,0.13462336458095958,48.548463526066854,46.632556508514135,0.1524,10.404948650719305
83,7Iron,A,direct1,hann,peak,none,all,3.8,20,5,11.800788458025801,18.87599999999999,-7.0752115419741894,-0.851922149088756,-0.7005784283992293,0.15134372068952662,nan,nan,50.06839700662512,48.107925317263614,0.1524,10.404948650719305
83,7Iron,A,two2,hann,peak,none,all,3.8,20,5,12.556137933324319,18.87599999999999,-6.319862066675672,-0.9423716316055568,-0.7905148280618377,0.1518568035437191,nan,0.23168967910605326,50.06839700662512,48.107925317263614,0.1524,10.404948650719305
83,7Iron,A,four3,hann,peak,none,all,3.8,20,5,13.530626668096572,18.87599999999999,-5.345373331903419,-1.0112063107926792,-0.9733626792178741,0.03784363157480508,0.22135457397525105,0.19883980499215073,50.06839700662512,48.107925317263614,0.1524,10.404948650719305
83,7Iron,A,four4,hann,peak,none,all,3.8,20,5,13.868385494192514,18.87599999999999,-5.007614505807476,-1.1733382765502987,-1.1380006933361206,0.035337583214178014,0.32278792343248613,0.16089648405295415,50.06839700662512,48.107925317263614,0.1524,10.404948650719305
84,7Iron,A,direct1,hann,peak,none,all,3.8,12,3,12.403868611161254,16.949999999999992,-4.546131388838738,-1.0445596430921682,-0.9619148295848818,0.08264481350728636,nan,nan,54.53878959650236,52.80983073560512,0.1524,10.404948650719305
84,7Iron,A,two2,hann,peak,none,all,3.8,12,3,12.3644566908142,16.949999999999992,-4.585543309185793,-1.1212239444595917,-1.0462863920527148,0.07493755240687694,nan,0.183769422347302,54.53878959650236,52.80983073560512,0.1524,10.404948650719305
84,7Iron,A,four3,hann,peak,none,all,3.8,12,3,15.728666766982963,16.949999999999992,-1.2213332330170292,-1.176491084870442,-1.173872653647815,0.002618431222626949,0.25503657112240974,0.1651467636545316,54.53878959650236,52.80983073560512,0.1524,10.404948650719305
84,7Iron,A,four4,hann,peak,none,all,3.8,12,3,15.696717100487968,16.949999999999992,-1.2532828995120244,-1.2421220959297283,-1.241305288349228,0.0008168075805004005,0.30273368627097635,0.11578115845500137,54.53878959650236,52.80983073560512,0.1524,10.404948650719305
86,5Iron,A,direct1,hann,peak,none,all,3.8,20,5,12.606847925190365,14.677,-2.0701520748096343,-0.8614040691295791,-0.8503153801306119,0.0110886889989672,nan,nan,50.023693080726346,47.53024373748418,0.1524,10.404948650719305
86,5Iron,A,two2,hann,peak,none,all,3.8,20,5,10.917671845100699,14.677,-3.7593281548993005,-0.9811720712399794,-0.9359662847551571,0.04520578648482232,nan,0.2645484140504002,50.023693080726346,47.53024373748418,0.1524,10.404948650719305
86,5Iron,A,four3,hann,peak,none,all,3.8,20,5,13.331285774325526,14.677,-1.3457142256744739,-1.1292335967612426,-1.1272293924035026,0.002004204357739958,0.37187353390989253,0.2529877425835529,50.023693080726346,47.53024373748418,0.1524,10.404948650719305
86,5Iron,A,four4,hann,peak,none,all,3.8,20,5,9.150015327624214,14.677,-5.526984672375786,-1.3496027386998253,-1.3099275602875315,0.03967517841229373,0.5764754550804142,0.26335158222220234,50.023693080726346,47.53024373748418,0.1524,10.404948650719305
87,5Iron,A,direct1,hann,peak,none,all,3.8,20,6,13.320795997394619,15.406999999999991,-2.0862040026053723,-0.9676230595249572,-0.9427508439100859,0.024872215614871296,nan,nan,52.84004041234901,51.122749823040635,0.1524,10.404948650719305
87,5Iron,A,two2,hann,peak,none,all,3.8,20,6,12.487285404795662,15.406999999999991,-2.9197145952043293,-1.0339850902658443,-1.0034946815731016,0.030490408692742665,nan,0.18952764800231683,52.84004041234901,51.122749823040635,0.1524,10.404948650719305
87,5Iron,A,four3,hann,peak,none,all,3.8,20,6,14.687856336960024,15.406999999999991,-0.7191436630399668,-1.1544159195673973,-1.1532267093529487,0.0011892102144486216,0.25956570521295896,0.15692039510015965,52.84004041234901,51.122749823040635,0.1524,10.404948650719305
87,5Iron,A,four4,hann,peak,none,all,3.8,20,6,12.05271484879497,15.406999999999991,-3.354285151205021,-1.332889135021914,-1.3169272820052693,0.015961853016644767,0.3508498069214371,0.17317019280491305,52.84004041234901,51.122749823040635,0.1524,10.404948650719305
88,5Iron,A,direct1,hann,peak,none,all,3.8,24,6,-5.0,0.5110000000000001,-5.511,-0.9631901138813704,-0.7898766409879466,0.1733134728934238,nan,nan,44.07807093618961,43.00582860650462,0.1524,10.404948650719305
88,5Iron,A,two2,hann,peak,none,all,3.8,24,6,-3.7399769074084097,0.5110000000000001,-4.250976907408409,-1.08151466997614,-1.0626701518974588,0.01884451807868115,nan,0.6439937626702528,44.07807093618961,43.00582860650462,0.1524,10.404948650719305
88,5Iron,A,four3,hann,peak,none,all,3.8,24,6,-5.0,0.5110000000000001,-5.511,-1.123951973912893,-1.1013065936394686,0.02264538027342433,0.9646146742431401,0.8520190494802136,44.07807093618961,43.00582860650462,0.1524,10.404948650719305
88,5Iron,A,four4,hann,peak,none,all,3.8,24,6,-5.0,0.5110000000000001,-5.511,-1.1762760300420196,-1.1522464650290691,0.024029565012950505,1.000199749055641,0.9795247645100722,44.07807093618961,43.00582860650462,0.1524,10.404948650719305
90,5Iron,A,direct1,hann,peak,none,all,3.8,17,5,5.094541877341438,12.959999999999992,-7.865458122658554,-0.832573020549288,-0.6808454944743503,0.15172752607493767,nan,nan,54.04704641161587,50.56141437408992,0.1524,10.404948650719305
90,5Iron,A,two2,hann,peak,none,all,3.8,17,5,7.754125421853852,12.959999999999992,-5.20587457814614,-0.922057893263929,-0.8538472522571732,0.06821064100675578,nan,0.3203093297898799,54.04704641161587,50.56141437408992,0.1524,10.404948650719305
90,5Iron,A,four3,hann,peak,none,all,3.8,17,5,10.753521667301737,12.959999999999992,-2.2064783326982553,-0.9507391625863004,-0.9474842249545036,0.0032549376317968504,0.43096133800265496,0.21294422959826612,54.04704641161587,50.56141437408992,0.1524,10.404948650719305
90,5Iron,A,four4,hann,peak,none,all,3.8,17,5,9.648701748818702,12.959999999999992,-3.31129825118129,-1.0977311275897086,-1.0922960973817808,0.0054350302079277935,0.5808698839054635,0.3329884597391418,54.04704641161587,50.56141437408992,0.1524,10.404948650719305
91,5Iron,A,direct1,hann,peak,none,all,3.8,18,5,6.40750544135818,9.892999999999994,-3.485494558641814,-0.7263546479777048,-0.6883888967558734,0.03796575122183132,nan,nan,47.20734574910368,46.19584787565755,0.1524,10.404948650719305
91,5Iron,A,two2,hann,peak,none,all,3.8,18,5,7.79599181233693,9.892999999999994,-2.0970081876630635,-0.7956555250710033,-0.7879577277130401,0.007697797357963276,nan,0.3363039564886574,47.20734574910368,46.19584787565755,0.1524,10.404948650719305
91,5Iron,A,four3,hann,peak,none,all,3.8,18,5,7.962906754604561,9.892999999999994,-1.9300932453954323,-0.8306421804817143,-0.8285834997562832,0.002058680725431139,0.40458164069388397,0.4333737048161267,47.20734574910368,46.19584787565755,0.1524,10.404948650719305
91,5Iron,A,four4,hann,peak,none,all,3.8,18,5,7.46011593610373,9.892999999999994,-2.432884063896264,-1.027356184311574,-1.022951000943022,0.00440518336855189,0.6017933256582743,0.4788915186683987,47.20734574910368,46.19584787565755,0.1524,10.404948650719305
92,5Iron,A,direct1,hann,peak,none,all,3.8,19,5,3.9748476878772294,10.917999999999983,-6.943152312122754,-1.130146240696154,-0.9369896719396283,0.19315656875652565,nan,nan,48.10142426707913,46.135109857309985,0.1524,10.404948650719305
92,5Iron,A,two2,hann,peak,none,all,3.8,19,5,6.399830103809188,10.917999999999983,-4.518169896190796,-1.209567133447434,-1.1482007970267876,0.06136633642064648,nan,0.15490883903806923,48.10142426707913,46.135109857309985,0.1524,10.404948650719305
92,5Iron,A,four3,hann,peak,none,all,3.8,19,5,4.837116791658304,10.917999999999983,-6.080883208341679,-1.2500604997149634,-1.2160205896077505,0.034039910107212856,0.4361817936474483,0.4175206980096911,48.10142426707913,46.135109857309985,0.1524,10.404948650719305
92,5Iron,A,four4,hann,peak,none,all,3.8,19,5,4.860681493948989,10.917999999999983,-6.057318506050994,-1.3962088038214793,-1.3674475051473147,0.028761298674164548,0.540906411856714,0.5065757120006742,48.10142426707913,46.135109857309985,0.1524,10.404948650719305
93,5Iron,A,direct1,hann,peak,none,all,3.8,20,5,-4.562589186040487,1.5239999999999743,-6.086589186040461,-1.7745876294420302,-1.360443347752346,0.4141442816896841,nan,nan,38.89241553193201,38.26469086258259,0.1524,10.404948650719305
93,5Iron,A,two2,hann,peak,none,all,3.8,20,5,-4.174401134544228,1.5239999999999743,-5.698401134544202,-1.9720659587967286,-1.8956386483746257,0.07642731042210293,nan,0.6936928145627044,38.89241553193201,38.26469086258259,0.1524,10.404948650719305
93,5Iron,A,four3,hann,peak,none,all,3.8,20,5,-3.9862144754323836,1.5239999999999743,-5.510214475432358,-1.9996257515756706,-1.9201103259892194,0.0795154255864512,0.8977832403954129,0.9220920027826214,38.89241553193201,38.26469086258259,0.1524,10.404948650719305
93,5Iron,A,four4,hann,peak,none,all,3.8,20,5,-4.005403385711931,1.5239999999999743,-5.529403385711905,-2.051360430677729,-1.9804058013728905,0.07095462930483842,1.0083653284182574,1.0051334166449173,38.89241553193201,38.26469086258259,0.1524,10.404948650719305
94,5Iron,A,direct1,hann,peak,none,all,3.8,20,5,9.534052221759381,13.115999999999982,-3.5819477782406004,-0.974454316804492,-0.9388110701913288,0.035643246613163204,nan,nan,57.93628796480906,56.37819553311256,0.1524,10.404948650719305
94,5Iron,A,two2,hann,peak,none,all,3.8,20,5,8.109882221980797,13.115999999999982,-5.006117778019185,-1.147718110473571,-1.078310383231534,0.06940772724203703,nan,0.3308378211510391,57.93628796480906,56.37819553311256,0.1524,10.404948650719305
94,5Iron,A,four3,hann,peak,none,all,3.8,20,5,13.845130992979751,13.115999999999982,0.7291309929797691,-1.2560939699604756,-1.2552311606492783,0.0008628093111973101,0.3403923113475019,0.25533439394259627,57.93628796480906,56.37819553311256,0.1524,10.404948650719305
94,5Iron,A,four4,hann,peak,none,all,3.8,20,5,9.103152563045482,13.115999999999982,-4.0128474369545,-1.475043338421775,-1.45310401324617,0.02193932517560504,0.5274348371140437,0.27993405058559,57.93628796480906,56.37819553311256,0.1524,10.404948650719305
95,5Iron,A,direct1,hann,peak,none,all,3.8,24,6,14.151364208841935,14.271999999999982,-0.12063579115804757,-0.9434401900800499,-0.9435845878005301,-0.00014439772048024935,nan,nan,51.2306990799932,48.76380628406203,0.1524,10.404948650719305
95,5Iron,A,two2,hann,peak,none,all,3.8,24,6,13.534595482221597,14.271999999999982,-0.7374045177783852,-1.0126542639601799,-1.0105823352589611,0.0020719287012187504,nan,0.1741846151928657,51.2306990799932,48.76380628406203,0.1524,10.404948650719305
95,5Iron,A,four3,hann,peak,none,all,3.8,24,6,13.484797614726451,14.271999999999982,-0.787202385273531,-1.113677599968816,-1.1120594574417575,0.001618142527058497,0.2652587857437177,0.1637252987453906,51.2306990799932,48.76380628406203,0.1524,10.404948650719305
95,5Iron,A,four4,hann,peak,none,all,3.8,24,6,11.36588566865837,14.271999999999982,-2.9061143313416125,-1.3458495558925112,-1.3373087729594753,0.00854078293303595,0.3942532299702174,0.20567852236942819,51.2306990799932,48.76380628406203,0.1524,10.404948650719305
96,5Iron,A,direct1,hann,peak,none,all,3.8,16,4,11.546113795377776,14.196999999999997,-2.6508862046222212,-0.9475987218167098,-0.9028946229243148,0.04470409889239502,nan,nan,57.93628796480906,56.177827827840886,0.1524,10.404948650719305
96,5Iron,A,two2,hann,peak,none,all,3.8,16,4,10.152937995563702,14.196999999999997,-4.044062004436295,-1.0677630640968623,-0.9899761892816129,0.07778687481524937,nan,0.2932138375738824,57.93628796480906,56.177827827840886,0.1524,10.404948650719305
96,5Iron,A,four3,hann,peak,none,all,3.8,16,4,13.430416667420403,14.196999999999997,-0.7665833325795948,-1.1507810818694104,-1.1497166575828086,0.001064424286601806,0.2323627261852716,0.24344667795019523,57.93628796480906,56.177827827840886,0.1524,10.404948650719305
96,5Iron,A,four4,hann,peak,none,all,3.8,16,4,8.776813121624421,14.196999999999997,-5.420186878375576,-1.404422510324592,-1.3721322700384193,0.03229024028617267,0.4722454132238255,0.21464330724052064,57.93628796480906,56.177827827840886,0.1524,10.404948650719305
97,5Iron,A,direct1,hann,peak,none,all,3.8,16,4,9.651272080066308,14.368000000000002,-4.716727919933694,-1.1091498812595393,-0.9716240066703024,0.13752587458923693,nan,nan,56.95280159503608,55.24302226726476,0.1524,10.404948650719305
97,5Iron,A,two2,hann,peak,none,all,3.8,16,4,8.990222002915417,14.368000000000002,-5.377777997084586,-1.2912686767395398,-1.1229170770712824,0.1683515996682574,nan,0.2578299562504094,56.95280159503608,55.24302226726476,0.1524,10.404948650719305
97,5Iron,A,four3,hann,peak,none,all,3.8,16,4,12.69815736088261,14.368000000000002,-1.6698426391173928,-1.3795949395687188,-1.3728779513977292,0.006716988170989646,0.30797445993124184,0.11917634003351499,56.95280159503608,55.24302226726476,0.1524,10.404948650719305
97,5Iron,A,four4,hann,peak,none,all,3.8,16,4,10.193505354186197,14.368000000000002,-4.174494645813805,-1.5368114212115498,-1.5087644421201816,0.028046979091368218,0.3636597198307905,0.12257438479717855,56.95280159503608,55.24302226726476,0.1524,10.404948650719305
98,5Iron,A,direct1,hann,peak,none,all,3.8,17,5,12.21980504436406,14.74200000000001,-2.5221949556359498,-1.0763892291040917,-1.0457822335338522,0.030606995570239492,nan,nan,59.05388611227838,57.17589581846707,0.1524,10.404948650719305
98,5Iron,A,two2,hann,peak,none,all,3.8,17,5,11.62924880892081,14.74200000000001,-3.1127511910792,-1.1408392345213128,-1.0961251860813013,0.04471404844001148,nan,0.15695110338896126,59.05388611227838,57.17589581846707,0.1524,10.404948650719305
98,5Iron,A,four3,hann,peak,none,all,3.8,17,5,12.240041535492185,14.74200000000001,-2.5019584645078243,-1.2411873555004234,-1.2249645396195463,0.01622281588087704,0.2547791177949382,0.17476580064287822,59.05388611227838,57.17589581846707,0.1524,10.404948650719305
98,5Iron,A,four4,hann,peak,none,all,3.8,17,5,11.609588363118187,14.74200000000001,-3.132411636881823,-1.372024858332227,-1.3517356709193185,0.020289187412908527,0.32571360096709023,0.14715638199097267,59.05388611227838,57.17589581846707,0.1524,10.404948650719305
99,5Iron,A,direct1,hann,peak,none,all,3.8,19,5,10.15318904676097,14.71499999999999,-4.56181095323902,-1.0411818816964535,-0.9160198498651295,0.12516203183132402,nan,nan,58.47273507559434,56.6371797113006,0.1524,10.404948650719305
99,5Iron,A,two2,hann,peak,none,all,3.8,19,5,10.192567966680944,14.71499999999999,-4.5224320333190455,-1.1589032491063818,-1.033574092990764,0.1253291561156178,nan,0.28609867429159946,58.47273507559434,56.6371797113006,0.1524,10.404948650719305
99,5Iron,A,four3,hann,peak,none,all,3.8,19,5,13.15373639519294,14.71499999999999,-1.5612636048070492,-1.230241628683043,-1.2226265911269771,0.007615037556065962,0.20676855403168629,0.1738032669654116,58.47273507559434,56.6371797113006,0.1524,10.404948650719305
99,5Iron,A,four4,hann,peak,none,all,3.8,19,5,11.394344648976958,14.71499999999999,-3.3206553510230314,-1.4164918551072023,-1.3994429255277374,0.01704892957946491,0.3156187903504702,0.13371568253925922,58.47273507559434,56.6371797113006,0.1524,10.404948650719305
101,5Iron,A,direct1,hann,peak,none,all,3.8,16,4,12.881579840544246,14.392000000000003,-1.510420159455757,-0.9985286285967978,-0.9842900121589009,0.014238616437896923,nan,nan,57.08691337273239,55.92534376491948,0.1524,10.404948650719305
101,5Iron,A,two2,hann,peak,none,all,3.8,16,4,12.468247729988684,14.392000000000003,-1.9237522700113185,-1.0816123373915985,-1.0595046206103476,0.022107716781250897,nan,0.17144063613027982,57.08691337273239,55.92534376491948,0.1524,10.404948650719305
101,5Iron,A,four3,hann,peak,none,all,3.8,16,4,12.916208999980691,14.392000000000003,-1.4757910000193117,-1.2480866016876462,-1.2366186707051372,0.011467930982508978,0.24121218584926274,0.24074066695031232,57.08691337273239,55.92534376491948,0.1524,10.404948650719305
101,5Iron,A,four4,hann,peak,none,all,3.8,16,4,11.537134125031246,14.392000000000003,-2.854865874968757,-1.5286110744035264,-1.5147908267684187,0.013820247635107696,0.3693171798423973,0.1607323744222957,57.08691337273239,55.92534376491948,0.1524,10.404948650719305
104,Driver,A,direct1,hann,peak,none,all,3.8,19,5,14.692166940713125,17.990000000000002,-3.2978330592868765,-1.0185081430357947,-0.9449352027485988,0.07357294028719596,nan,nan,61.557305962609625,58.72067316160003,0.1524,10.404948650719305
104,Driver,A,two2,hann,peak,none,all,3.8,19,5,13.943801556717183,17.990000000000002,-4.046198443282819,-1.0788370133416725,-0.9944691177642637,0.08436789557740876,nan,0.17672443944920546,61.557305962609625,58.72067316160003,0.1524,10.404948650719305
104,Driver,A,four3,hann,peak,none,all,3.8,19,5,15.760774909964741,17.990000000000002,-2.2292250900352606,-1.1833363314381473,-1.167280651439676,0.01605567999847124,0.24421307951085286,0.14595046936806838,61.557305962609625,58.72067316160003,0.1524,10.404948650719305
104,Driver,A,four4,hann,peak,none,all,3.8,19,5,16.520868295999183,17.990000000000002,-1.4691317040008194,-1.3262586325139154,-1.3193422023861587,0.0069164301277566675,0.28774378594807615,0.11250672501907082,61.557305962609625,58.72067316160003,0.1524,10.404948650719305
105,Driver,A,direct1,hann,peak,none,all,3.8,20,5,1.7262990053817875,5.857999999999973,-4.1317009946181855,-1.1203454583676962,-1.0383123815675774,0.08203307680011873,nan,nan,64.32894936833353,62.482001443068725,0.1524,10.404948650719305
105,Driver,A,two2,hann,peak,none,all,3.8,20,5,2.956337968498264,5.857999999999973,-2.901662031501709,-1.276650119799198,-1.259810853776764,0.016839266022433907,nan,0.30504080896141894,64.32894936833353,62.482001443068725,0.1524,10.404948650719305
105,Driver,A,four3,hann,peak,none,all,3.8,20,5,3.102255151595053,5.857999999999973,-2.75574484840492,-1.299462667156686,-1.2918564811782125,0.007606185978473512,0.4184749804132124,0.5363381516965531,64.32894936833353,62.482001443068725,0.1524,10.404948650719305
105,Driver,A,four4,hann,peak,none,all,3.8,20,5,3.705266876526263,5.857999999999973,-2.15273312347371,-1.4772323843928306,-1.4725764531905337,0.0046559312022969035,0.5364343907267379,0.36818354925095226,64.32894936833353,62.482001443068725,0.1524,10.404948650719305
112,Driver,A,direct1,hann,peak,none,all,3.8,12,3,9.599265245222462,10.008999999999974,-0.40973475477751187,-1.0670789765624609,-1.066465663722947,0.0006133128395138243,nan,nan,68.57582232871691,66.71210258129634,0.1524,10.404948650719305
112,Driver,A,two2,hann,peak,none,all,3.8,12,3,9.153374752084266,10.008999999999974,-0.8556252479157074,-1.1345007387171726,-1.1330365171838293,0.0014642215333433573,nan,0.23457050026376441,68.57582232871691,66.71210258129634,0.1524,10.404948650719305
112,Driver,A,four3,hann,peak,none,all,3.8,12,3,13.670595142376383,10.008999999999974,3.6615951423764095,-1.220656879442186,-1.2082336207235256,0.012423258718660346,0.329716948975926,0.2104261117570168,68.57582232871691,66.71210258129634,0.1524,10.404948650719305
112,Driver,A,four4,hann,peak,none,all,3.8,12,3,11.261364354577163,10.008999999999974,1.252364354577189,-1.2875752899208601,-1.2866933019651576,0.0008819879557024901,0.39729759839026224,0.209723135222977,68.57582232871691,66.71210258129634,0.1524,10.404948650719305
113,Driver,A,direct1,hann,peak,none,all,3.8,15,4,9.052895786633355,13.960999999999997,-4.9081042133666415,-1.494944344443486,-1.2821272487976085,0.21281709564587747,nan,nan,65.53595536760038,63.52557867311998,0.1524,10.404948650719305
113,Driver,A,two2,hann,peak,none,all,3.8,15,4,9.75310399732452,13.960999999999997,-4.2078960026754775,-1.6215920629842133,-1.448235627623757,0.17335643536045642,nan,0.19187674616085912,65.53595536760038,63.52557867311998,0.1524,10.404948650719305
113,Driver,A,four3,hann,peak,none,all,3.8,15,4,10.910493341982747,13.960999999999997,-3.05050665801725,-1.6951361324527325,-1.6520309976058851,0.043105134846847415,0.16414092183997517,0.17119532094552406,65.53595536760038,63.52557867311998,0.1524,10.404948650719305
113,Driver,A,four4,hann,peak,none,all,3.8,15,4,10.36939663214436,13.960999999999997,-3.5916033678556367,-1.8866883667140788,-1.8446651278429256,0.04202323887115322,0.18344367049388338,0.12414139994048426,65.53595536760038,63.52557867311998,0.1524,10.404948650719305
114,Driver,A,direct1,hann,peak,none,all,3.8,18,5,12.947105123718982,14.620999999999993,-1.673894876281011,-1.100060833479073,-1.0851683682248805,0.01489246525419241,nan,nan,68.754638032312,66.41769366658134,0.1524,10.404948650719305
114,Driver,A,two2,hann,peak,none,all,3.8,18,5,12.727441579476961,14.620999999999993,-1.893558420523032,-1.139480823329185,-1.1218862668557894,0.017594556473395695,nan,0.14276150363275472,68.754638032312,66.41769366658134,0.1524,10.404948650719305
114,Driver,A,four3,hann,peak,none,all,3.8,18,5,12.73113244840136,14.620999999999993,-1.889867551598634,-1.257329793458156,-1.2501604730135547,0.007169320444601279,0.18632030925309573,0.12242327478601531,68.754638032312,66.41769366658134,0.1524,10.404948650719305
114,Driver,A,four4,hann,peak,none,all,3.8,18,5,12.466685289676228,14.620999999999993,-2.1543147103237654,-1.4292598918954398,-1.4209461558604828,0.008313736034956998,0.2900514095679537,0.12146610851033707,68.754638032312,66.41769366658134,0.1524,10.404948650719305
115,SandWedge,A,direct1,hann,peak,none,all,3.8,28,7,28.876398738449506,31.661999999999985,-2.785601261550479,-1.0400227323971667,-0.9828094598012541,0.05721327259591258,nan,nan,31.33745205503947,28.836434147209175,0.1524,10.404948650719305
115,SandWedge,A,two2,hann,peak,none,all,3.8,28,7,28.55742210541256,31.661999999999985,-3.1045778945874254,-1.0932508091900868,-1.0217576630307588,0.071493146159328,nan,0.16347802178771847,31.33745205503947,28.836434147209175,0.1524,10.404948650719305
115,SandWedge,A,four3,hann,peak,none,all,3.8,28,7,27.561336635093298,31.661999999999985,-4.100663364906687,-1.2708156783533748,-1.1702794258394398,0.10053625251393505,0.2778159967595812,0.13753998571467302,31.33745205503947,28.836434147209175,0.1524,10.404948650719305
115,SandWedge,A,four4,hann,peak,none,all,3.8,28,7,28.197524242997243,31.661999999999985,-3.4644757570027416,-1.3405348565097481,-1.2565003508517705,0.08403450565797765,0.3250268546686522,0.12340733214796387,31.33745205503947,28.836434147209175,0.1524,10.404948650719305
116,SandWedge,A,direct1,hann,peak,none,all,3.8,21,6,27.60231079225716,29.217000000000002,-1.6146892077428419,-0.8243058228327405,-0.8138170715779087,0.01048875125483173,nan,nan,29.728110722683663,30.553232406976534,0.1524,10.404948650719305
116,SandWedge,A,two2,hann,peak,none,all,3.8,21,6,26.886926167048244,29.217000000000002,-2.330073832951758,-0.8959838822739185,-0.8736920740012079,0.0222918082727106,nan,0.20384699826483846,29.728110722683663,30.553232406976534,0.1524,10.404948650719305
116,SandWedge,A,four3,hann,peak,none,all,3.8,21,6,25.573705960619705,29.217000000000002,-3.6432940393802973,-1.0611093154206368,-1.030232214393345,0.03087710102729191,0.33710489282088235,0.14382225755270428,29.728110722683663,30.553232406976534,0.1524,10.404948650719305
116,SandWedge,A,four4,hann,peak,none,all,3.8,21,6,25.640742856252256,29.217000000000002,-3.576257143747746,-1.1668858612589459,-1.1381497596559405,0.028736101603005437,0.3802945449506317,0.1952712777213502,29.728110722683663,30.553232406976534,0.1524,10.404948650719305
117,SandWedge,A,direct1,hann,peak,none,all,3.8,20,5,24.65147585181627,30.729999999999986,-6.078524148183718,-1.31926231164718,-1.0746497151154097,0.24461259653177025,nan,nan,33.79616797947195,31.204397850742673,0.1524,10.404948650719305
117,SandWedge,A,two2,hann,peak,none,all,3.8,20,5,24.95622706999397,30.729999999999986,-5.7737729300060145,-1.3850775657675656,-1.1245694338775052,0.2605081318900604,nan,0.12517808445596812,33.79616797947195,31.204397850742673,0.1524,10.404948650719305
117,SandWedge,A,four3,hann,peak,none,all,3.8,20,5,25.109825398745553,30.729999999999986,-5.620174601254433,-1.5266269661792033,-1.3013601525379777,0.2252668136412257,0.14207066983450203,0.1376547713017681,33.79616797947195,31.204397850742673,0.1524,10.404948650719305
117,SandWedge,A,four4,hann,peak,none,all,3.8,20,5,25.501943408259464,30.729999999999986,-5.228056591740522,-1.6092560036486119,-1.40197401495744,0.20728198869117187,0.19478987112801088,0.10052992168455055,33.79616797947195,31.204397850742673,0.1524,10.404948650719305
118,SandWedge,A,direct1,hann,peak,none,all,3.8,28,7,28.205713080977812,33.168000000000006,-4.962286919022194,-0.936484853232072,-0.7958478861062729,0.1406369671257991,nan,nan,32.544458054306325,27.391119567093856,0.1524,10.404948650719305
118,SandWedge,A,two2,hann,peak,none,all,3.8,28,7,28.024066024803812,33.168000000000006,-5.1439339751961946,-1.0213084671563704,-0.8479350155954328,0.17337345156093753,nan,0.200437655924587,32.544458054306325,27.391119567093856,0.1524,10.404948650719305
118,SandWedge,A,four3,hann,peak,none,all,3.8,28,7,27.55966190245807,33.168000000000006,-5.608338097541935,-1.087525134431402,-0.9124916562752904,0.1750334781561117,0.16271985693873514,0.16030461786432976,32.544458054306325,27.391119567093856,0.1524,10.404948650719305
118,SandWedge,A,four4,hann,peak,none,all,3.8,28,7,27.840660699557223,33.168000000000006,-5.327339300442784,-1.1946736344053959,-1.031147652722874,0.16352598168252186,0.27425204501590783,0.13876685551246004,32.544458054306325,27.391119567093856,0.1524,10.404948650719305
119,SandWedge,A,direct1,hann,peak,none,all,3.8,24,6,23.242586000280276,26.353999999999992,-3.1114139997197157,-0.9437307885064675,-0.8964257579547187,0.04730503055174884,nan,nan,33.125609090990366,31.457996680962957,0.1524,10.404948650719305
119,SandWedge,A,two2,hann,peak,none,all,3.8,24,6,23.46060136477164,26.353999999999992,-2.893398635228351,-0.9904865324888212,-0.9410160043087953,0.04947052818002595,nan,0.14022517071724783,33.125609090990366,31.457996680962957,0.1524,10.404948650719305
119,SandWedge,A,four3,hann,peak,none,all,3.8,24,6,22.451640775450624,26.353999999999992,-3.902359224549368,-1.2777550715771118,-1.2133451753433353,0.06440989623377646,0.26949422153456004,0.14586907078825886,33.125609090990366,31.457996680962957,0.1524,10.404948650719305
119,SandWedge,A,four4,hann,peak,none,all,3.8,24,6,21.536836797487425,26.353999999999992,-4.8171632025125675,-1.3521024965420378,-1.275827905175053,0.07627459136698489,0.3250328286597408,0.12438267452681873,33.125609090990366,31.457996680962957,0.1524,10.404948650719305
120,SandWedge,A,direct1,hann,peak,none,all,3.8,28,7,24.261292726369092,27.744999999999997,-3.4837072736309054,-1.1574200150863765,-1.057677310574053,0.09974270451232359,nan,nan,31.113932425545606,29.06312767179844,0.1524,10.404948650719305
120,SandWedge,A,two2,hann,peak,none,all,3.8,28,7,24.06300580276665,27.744999999999997,-3.6819941972333474,-1.2077146792956879,-1.0981848788878652,0.10952980040782268,nan,0.14927090722622288,31.113932425545606,29.06312767179844,0.1524,10.404948650719305
120,SandWedge,A,four3,hann,peak,none,all,3.8,28,7,23.176359586488562,27.744999999999997,-4.568640413511435,-1.3853779327222389,-1.2437449426486593,0.14163299007357955,0.21529691449469174,0.1318556893299716,31.113932425545606,29.06312767179844,0.1524,10.404948650719305
120,SandWedge,A,four4,hann,peak,none,all,3.8,28,7,23.453066358624238,27.744999999999997,-4.29193364137576,-1.4935594267979035,-1.360986463930045,0.13257296286785847,0.2737279449090883,0.11853120408951737,31.113932425545606,29.06312767179844,0.1524,10.404948650719305
121,SandWedge,A,direct1,hann,peak,none,all,3.8,24,6,20.249401375935463,24.805000000000007,-4.555598624064544,-1.1579669390028553,-1.0314182573930675,0.12654868160978783,nan,nan,30.890412796051745,29.415892449724353,0.1524,10.404948650719305
121,SandWedge,A,two2,hann,peak,none,all,3.8,24,6,20.02130996865576,24.805000000000007,-4.783690031344246,-1.2215651432839,-1.0741240096509257,0.1474411336329744,nan,0.15014763699758382,30.890412796051745,29.415892449724353,0.1524,10.404948650719305
121,SandWedge,A,four3,hann,peak,none,all,3.8,24,6,21.593968641007283,24.805000000000007,-3.2110313589927237,-1.4267504665695576,-1.3587423854847678,0.06800808108478984,0.20503929848996166,0.11578763483842466,30.890412796051745,29.415892449724353,0.1524,10.404948650719305
121,SandWedge,A,four4,hann,peak,none,all,3.8,24,6,21.42701608051711,24.805000000000007,-3.3779839194828973,-1.4933470930666324,-1.4215673461935772,0.07177974687305522,0.26972229670382275,0.10130837088898624,30.890412796051745,29.415892449724353,0.1524,10.404948650719305
122,SandWedge,A,direct1,hann,peak,none,all,3.8,24,6,26.406145286489714,31.036999999999985,-4.630854713510271,-1.1214117020669523,-1.0041907653907187,0.11722093667623357,nan,nan,31.069228499646837,27.266565734039325,0.1524,10.404948650719305
122,SandWedge,A,two2,hann,peak,none,all,3.8,24,6,26.180711662359325,31.036999999999985,-4.85628833764066,-1.2116697453242948,-1.0708301907586433,0.14083955456565156,nan,0.1760363244277575,31.069228499646837,27.266565734039325,0.1524,10.404948650719305
122,SandWedge,A,four3,hann,peak,none,all,3.8,24,6,25.66955078883973,31.036999999999985,-5.367449211160256,-1.5184587632612265,-1.3470991167048663,0.17135964655636027,0.27426014958252426,0.14903578872361187,31.069228499646837,27.266565734039325,0.1524,10.404948650719305
122,SandWedge,A,four4,hann,peak,none,all,3.8,24,6,26.308451149856847,31.036999999999985,-4.728548850143138,-1.6057875453184485,-1.4432374383590043,0.16255010695944416,0.26257303991789527,0.132873008578149,31.069228499646837,27.266565734039325,0.1524,10.404948650719305
123,SandWedge,A,direct1,hann,peak,none,all,3.8,29,8,26.01657404035235,29.30099999999999,-3.284425959647642,-1.1135778019734635,-1.020409078526471,0.09316872344699245,nan,nan,36.567811385195846,33.55577069682823,0.1524,10.404948650719305
123,SandWedge,A,two2,hann,peak,none,all,3.8,29,8,25.70693128404526,29.30099999999999,-3.59406871595473,-1.1871182202105115,-1.0670966985490584,0.12002152166145308,nan,0.16228965087674985,36.567811385195846,33.55577069682823,0.1524,10.404948650719305
123,SandWedge,A,four3,hann,peak,none,all,3.8,29,8,25.39385651903762,29.30099999999999,-3.9071434809623717,-1.3390402199314895,-1.2064079660588298,0.13263225387265964,0.1608486526809784,0.14516597490681057,36.567811385195846,33.55577069682823,0.1524,10.404948650719305
123,SandWedge,A,four4,hann,peak,none,all,3.8,29,8,25.624784805149137,29.30099999999999,-3.6762151948508546,-1.4182262994620176,-1.298174068501921,0.12005223096009665,0.24981884715849603,0.11147425301310822,36.567811385195846,33.55577069682823,0.1524,10.404948650719305
124,SandWedge,A,direct1,hann,peak,none,all,3.8,24,6,23.48889980226441,28.975,-5.486100197735592,-1.0515250665195646,-0.9050833484211589,0.14644171809840567,nan,nan,37.64070560676638,33.66567501422932,0.1524,10.404948650719305
124,SandWedge,A,two2,hann,peak,none,all,3.8,24,6,23.11385440736481,28.975,-5.861145592635193,-1.1289708287826397,-0.9669589511997619,0.16201187758287772,nan,0.17538227809867618,37.64070560676638,33.66567501422932,0.1524,10.404948650719305
124,SandWedge,A,four3,hann,peak,none,all,3.8,24,6,23.514786571219982,28.975,-5.460213428780019,-1.376245578546034,-1.1828895880624113,0.19335599048362262,0.215828497187846,0.13656128754451557,37.64070560676638,33.66567501422932,0.1524,10.404948650719305
124,SandWedge,A,four4,hann,peak,none,all,3.8,24,6,24.29916366898221,28.975,-4.675836331017791,-1.4557226738594597,-1.2951531774508132,0.1605694964086466,0.2895576997570005,0.14451522076612433,37.64070560676638,33.66567501422932,0.1524,10.404948650719305
131,9Iron (relabeled),B,direct1,hann,peak,none,all,3.8,18,5,20.031245087843445,20.895000000000007,-0.863754912156562,-0.5618396379134231,-0.5588834349337615,0.002956202979661593,nan,nan,49.263726340447214,47.40927947969549,0.5715,6.6
131,9Iron (relabeled),B,two2,hann,peak,none,all,3.8,18,5,20.057773542126753,20.895000000000007,-0.8372264578732533,-0.5915647988647856,-0.5868798419089984,0.0046849569557871895,nan,0.13744985712068283,49.263726340447214,47.40927947969549,0.5715,6.6
131,9Iron (relabeled),B,four3,hann,peak,none,all,3.8,18,5,20.414739188318286,20.895000000000007,-0.4802608116817204,-0.6379372538830013,-0.6355239049112933,0.0024133489717079737,0.22987183418737622,0.12214548354032977,49.263726340447214,47.40927947969549,0.5715,6.6
131,9Iron (relabeled),B,four4,hann,peak,none,all,3.8,18,5,20.186662421452613,20.895000000000007,-0.7083375785473933,-0.7543186375371314,-0.7502991489095676,0.004019488627563739,0.2580960532157628,0.14372110307263014,49.263726340447214,47.40927947969549,0.5715,6.6
132,9Iron (relabeled),B,direct1,hann,peak,none,all,3.8,20,6,17.667530799933967,18.08299999999998,-0.4154692000660134,-0.50498828776237,-0.50453686418314,0.00045142357923000365,nan,nan,41.440539308162045,41.26240080570217,0.5715,6.6
132,9Iron (relabeled),B,two2,hann,peak,none,all,3.8,20,6,16.686899358603302,18.08299999999998,-1.3961006413966786,-0.5871122719958778,-0.580779896428559,0.006332375567318804,nan,0.3293078051453966,41.440539308162045,41.26240080570217,0.5715,6.6
132,9Iron (relabeled),B,four3,hann,peak,none,all,3.8,20,6,17.815166824282564,18.08299999999998,-0.26783317571741705,-0.7052205534663077,-0.7050386561344505,0.00018189733185725032,0.25200768324843464,0.30401798909152244,41.440539308162045,41.26240080570217,0.5715,6.6
132,9Iron (relabeled),B,four4,hann,peak,none,all,3.8,20,6,17.150076632550242,18.08299999999998,-0.9329233674497388,-0.7951679353458344,-0.7929453371405897,0.00222259820524473,0.275011849172454,0.3310338776995223,41.440539308162045,41.26240080570217,0.5715,6.6
134,9Iron,B,direct1,hann,peak,none,all,3.8,12,3,45.0,15.599999999999998,29.400000000000002,-0.2308141559854913,-0.17573832886381713,0.055075827121674165,nan,nan,48.32494389657299,41.964153774828745,0.5715,6.6
134,9Iron,B,two2,hann,peak,none,all,3.8,12,3,45.0,15.599999999999998,29.400000000000002,-0.23878505502319114,-0.20774176035350858,0.03104329466968256,nan,0.29514493541479114,48.32494389657299,41.964153774828745,0.5715,6.6
134,9Iron,B,four3,hann,peak,none,all,3.8,12,3,-5.0,15.599999999999998,-20.599999999999998,-0.28938389451518604,-0.2839164701575556,0.005467424357630424,1.000474066033743,1.000993234751479,48.32494389657299,41.964153774828745,0.5715,6.6
134,9Iron,B,four4,hann,peak,none,all,3.8,12,3,-5.0,15.599999999999998,-20.599999999999998,-0.32544467130168786,-0.2977965218187843,0.02764814948290356,1.00093013353719,1.0018824085949867,48.32494389657299,41.964153774828745,0.5715,6.6
137,9Iron,B,direct1,hann,peak,none,all,3.8,24,6,13.295079289040322,18.307,-5.011920710959677,-0.7363687295830491,-0.6487663764816901,0.087602353101359,nan,nan,50.06839700662512,46.118199438797674,0.5715,6.6
137,9Iron,B,two2,hann,peak,none,all,3.8,24,6,12.883477863535422,18.307,-5.423522136464577,-0.7711563621537891,-0.6889117239189458,0.08224463823484329,nan,0.20384035743445622,50.06839700662512,46.118199438797674,0.5715,6.6
137,9Iron,B,four3,hann,peak,none,all,3.8,24,6,14.003369128828746,18.307,-4.3036308711712525,-0.8185357718626615,-0.757698458734465,0.06083731312819651,0.18048448403439107,0.20903329759418626,50.06839700662512,46.118199438797674,0.5715,6.6
137,9Iron,B,four4,hann,peak,none,all,3.8,24,6,13.794894818518767,18.307,-4.512105181481232,-0.8612654190763521,-0.7978508408793984,0.06341457819695373,0.22068412459364078,0.20126416844139972,50.06839700662512,46.118199438797674,0.5715,6.6
144,9Iron,C,direct1,hann,peak,none,all,3.8,20,6,17.227359458778142,21.873,-4.645640541221859,-0.7887127016826763,-0.7215100916989147,0.0672026099837616,nan,nan,47.20734574910368,44.14002359194853,0.2667,3.8
144,9Iron,C,two2,hann,peak,none,all,3.8,20,6,16.692607991800696,21.873,-5.180392008199306,-0.832664165449283,-0.7609143413834513,0.07174982406583175,nan,0.18783660405741281,47.20734574910368,44.14002359194853,0.2667,3.8
144,9Iron,C,four3,hann,peak,none,all,3.8,20,6,18.460373524641625,21.873,-3.412626475358376,-0.9450883828718389,-0.8988934955688465,0.04619488730299248,0.2805881846184157,0.18028348430339175,47.20734574910368,44.14002359194853,0.2667,3.8
144,9Iron,C,four4,hann,peak,none,all,3.8,20,6,18.952667415717624,21.873,-2.9203325842823773,-1.025186075282757,-1.002374290418894,0.02281178486386315,0.34413066979864804,0.20353939786086928,47.20734574910368,44.14002359194853,0.2667,3.8
145,9Iron,C,direct1,hann,peak,none,all,3.8,22,6,18.303659023727935,21.694999999999986,-3.391340976272051,-0.7423598273702362,-0.7071689463055296,0.03519088106470658,nan,nan,48.727279229661946,46.43059895072574,0.2667,3.8
145,9Iron,C,two2,hann,peak,none,all,3.8,22,6,18.37144684362201,21.694999999999986,-3.323553156377976,-0.7924769699004162,-0.7567961646768361,0.03568080522358008,nan,0.1988328322735668,48.727279229661946,46.43059895072574,0.2667,3.8
145,9Iron,C,four3,hann,peak,none,all,3.8,22,6,18.491509698534948,21.694999999999986,-3.203490301465038,-0.8791677976248552,-0.8566239560580152,0.022543841566839973,0.2492318876779695,0.1628934285034555,48.727279229661946,46.43059895072574,0.2667,3.8
145,9Iron,C,four4,hann,peak,none,all,3.8,22,6,18.970076521696946,21.694999999999986,-2.7249234783030403,-0.9282941564151436,-0.9102616263299458,0.018032530085197784,0.261204601671413,0.1718602596197506,48.727279229661946,46.43059895072574,0.2667,3.8
146,9Iron,C,direct1,hann,peak,none,all,3.8,28,7,1.2822992734312548,6.429999999999999,-5.147700726568744,-0.7901578456469112,-0.7145032142987761,0.0756546313481351,nan,nan,41.88757856714977,41.17516113785682,0.2667,3.8
146,9Iron,C,two2,hann,peak,none,all,3.8,28,7,1.9865477602877522,6.429999999999999,-4.443452239712247,-0.8808089537529586,-0.8611427045262435,0.019666249226715116,nan,0.6488495795050464,41.88757856714977,41.17516113785682,0.2667,3.8
146,9Iron,C,four3,hann,peak,none,all,3.8,28,7,1.4507121899223034,6.429999999999999,-4.979287810077695,-0.920876616387177,-0.901019259621588,0.019857356765588974,0.8860163344618628,0.8362628696835508,41.88757856714977,41.17516113785682,0.2667,3.8
146,9Iron,C,four4,hann,peak,none,all,3.8,28,7,2.213116327655758,6.429999999999999,-4.216883672344241,-1.0019730152316695,-0.9881750876492157,0.013797927582453795,0.9157445007606344,0.7927260762877203,41.88757856714977,41.17516113785682,0.2667,3.8
147,9Iron,C,direct1,hann,peak,none,all,3.8,17,6,17.218958475745975,23.108,-5.889041524254026,-0.6903840010926889,-0.6470246483594566,0.043359352733232326,nan,nan,48.012016415281586,43.677943081386545,0.2667,3.8
147,9Iron,C,two2,hann,peak,none,all,3.8,17,6,17.663019969535,23.108,-5.4449800304650005,-0.7458372040718192,-0.6994123018622131,0.046424902209606045,nan,0.22976227057703383,48.012016415281586,43.677943081386545,0.2667,3.8
147,9Iron,C,four3,hann,peak,none,all,3.8,17,6,18.6398976983507,23.108,-4.468102301649299,-0.8514899997991071,-0.8234575868883822,0.02803241291072489,0.27388053998704404,0.20849406770838105,48.012016415281586,43.677943081386545,0.2667,3.8
147,9Iron,C,four4,hann,peak,none,all,3.8,17,6,20.654299295016095,23.108,-2.4537007049839055,-0.9449133861156961,-0.9229868662926274,0.021926519823068702,0.355642566664289,0.21874615448839213,48.012016415281586,43.677943081386545,0.2667,3.8
149,9Iron,C,direct1,hann,peak,none,all,3.8,18,5,21.85158649523046,23.08599999999999,-1.234413504769531,-0.8420423875757599,-0.8370605753216489,0.004981812254110984,nan,nan,50.560140191511614,48.528103736906644,0.2667,3.8
149,9Iron,C,two2,hann,peak,none,all,3.8,18,5,21.868008703570982,23.08599999999999,-1.217991296429009,-0.9052890997658365,-0.8984916212689974,0.006797478496839093,nan,0.18189349627851248,50.560140191511614,48.528103736906644,0.2667,3.8
149,9Iron,C,four3,hann,peak,none,all,3.8,18,5,22.421916258501327,23.08599999999999,-0.6640837414986649,-0.9635571149988509,-0.9621549420415321,0.0014021729573188146,0.19328691173934423,0.19669357134626844,50.560140191511614,48.528103736906644,0.2667,3.8
149,9Iron,C,four4,hann,peak,none,all,3.8,18,5,22.387665421753756,23.08599999999999,-0.6983345782462358,-1.0665297366857704,-1.0651289786616611,0.0014007580241093276,0.32038781584762377,0.1866068956329548,50.560140191511614,48.528103736906644,0.2667,3.8
151,9Iron,C,direct1,hann,peak,none,all,3.8,24,7,15.83010961980172,19.529000000000003,-3.698890380198284,-0.7292999617886208,-0.6786724422577363,0.05062751953088451,nan,nan,46.0450436757356,42.896186746426594,0.2667,3.8
151,9Iron,C,two2,hann,peak,none,all,3.8,24,7,14.509791380275257,19.529000000000003,-5.019208619724747,-0.7741547437691919,-0.7136310814656268,0.060523662303565096,nan,0.20339803863113842,46.0450436757356,42.896186746426594,0.2667,3.8
151,9Iron,C,four3,hann,peak,none,all,3.8,24,7,16.132805317961772,19.529000000000003,-3.3961946820382316,-0.876536986596698,-0.8474191955827034,0.029117791013994587,0.2540639196629143,0.17522010695493823,46.0450436757356,42.896186746426594,0.2667,3.8
151,9Iron,C,four4,hann,peak,none,all,3.8,24,7,16.4122654900346,19.529000000000003,-3.1167345099654042,-0.9123013894775497,-0.8886826292300515,0.023618760247498205,0.3207581045707116,0.15374108523263857,46.0450436757356,42.896186746426594,0.2667,3.8
152,7Iron,C,direct1,hann,peak,none,all,3.8,19,6,16.593358310719896,16.805000000000007,-0.2116416892801105,-0.79044077595636,-0.7904748600988326,-3.408414247263458e-05,nan,nan,52.30359330156374,51.3390514463998,0.2667,3.8
152,7Iron,C,two2,hann,peak,none,all,3.8,19,6,16.325816784591392,16.805000000000007,-0.4791832154086144,-0.8315064540111302,-0.8308959812695446,0.0006104727415856548,nan,0.16359942262776148,52.30359330156374,51.3390514463998,0.2667,3.8
152,7Iron,C,four3,hann,peak,none,all,3.8,19,6,18.752674089985163,16.805000000000007,1.9476740899851563,-0.9583852357471035,-0.9538437109977117,0.004541524749391845,0.28395072310366565,0.14982040357328721,52.30359330156374,51.3390514463998,0.2667,3.8
152,7Iron,C,four4,hann,peak,none,all,3.8,19,6,17.34337263583911,16.805000000000007,0.538372635839103,-1.0238546563979185,-1.0233042280330487,0.0005504283648698483,0.2989841381377953,0.15299221810501326,52.30359330156374,51.3390514463998,0.2667,3.8
168,7Iron,C,direct1,hann,peak,none,all,3.8,17,5,15.00132716034388,20.05000000000001,-5.048672839656131,-0.7959110317968537,-0.7245985519633061,0.0713124798335476,nan,nan,54.89642100369254,51.629201616096076,0.2667,3.8
168,7Iron,C,two2,hann,peak,none,all,3.8,17,5,14.153606072792522,20.05000000000001,-5.896393927207489,-0.8365096367192806,-0.7664135746509693,0.07009606206831132,nan,0.1888426251806609,54.89642100369254,51.629201616096076,0.2667,3.8
168,7Iron,C,four3,hann,peak,none,all,3.8,17,5,14.859321595690348,20.05000000000001,-5.190678404309663,-0.8875529177235931,-0.8598725691014483,0.027680348622144857,0.22353685193197267,0.1821367534489933,54.89642100369254,51.629201616096076,0.2667,3.8
168,7Iron,C,four4,hann,peak,none,all,3.8,17,5,14.388959765753814,20.05000000000001,-5.661040234246197,-0.9570469431035056,-0.9204535019449341,0.03659344115857144,0.2753317147116797,0.206866431941147,54.89642100369254,51.629201616096076,0.2667,3.8
