shot,club,block,model,window,center_source,tdm_residual,n_snapshots,n_frames,launch_angle_deg,trackman_launch_deg,launch_error_deg,best_log_error,truth_log_error,truth_minus_best,median_cross_to_direct,median_double_to_direct,trackman_ball_ms,radar_ball_ms,radar_height_m,tilt_deg
62,9Iron,A,direct1,hann,track,positive,25,7,13.911285328390443,16.77799999999999,-2.8667146716095484,-0.9661980689135987,-0.919613382295072,0.04658468661852677,nan,nan,44.569814121076114,43.08422175707952,0.1524,10.404948650719305
62,9Iron,A,two2,hann,track,positive,25,7,13.543545974096231,16.77799999999999,-3.2344540259037604,-1.0479121212293974,-0.9958437073668229,0.052068413862574436,nan,0.19179249763190812,44.569814121076114,43.08422175707952,0.1524,10.404948650719305
62,9Iron,A,four3,hann,track,positive,25,7,14.293321926031293,16.77799999999999,-2.4846780739686984,-1.1530282117531923,-1.1389783923046994,0.014049819448492817,0.23147858167833188,0.1553144743738635,44.569814121076114,43.08422175707952,0.1524,10.404948650719305
62,9Iron,A,four4,hann,track,positive,25,7,13.830203492450574,16.77799999999999,-2.947796507549418,-1.3233129598801232,-1.3104775502222201,0.012835409657903085,0.26969054275810234,0.14234813125855683,44.569814121076114,43.08422175707952,0.1524,10.404948650719305
63,9Iron,A,direct1,hann,track,positive,16,4,8.772544640362263,11.487999999999987,-2.7154553596377244,-0.7852619054015171,-0.762840727734617,0.022421177666900105,nan,nan,39.92060582760378,39.69922948327173,0.1524,10.404948650719305
63,9Iron,A,two2,hann,track,positive,16,4,8.608612636547107,11.487999999999987,-2.8793873634528797,-0.922508595572594,-0.9050284537176075,0.017480141854986475,nan,0.26275493031331426,39.92060582760378,39.69922948327173,0.1524,10.404948650719305
63,9Iron,A,four3,hann,track,positive,16,4,8.204475315430159,11.487999999999987,-3.2835246845698283,-0.9605846356606109,-0.9545513733867214,0.006033262273889561,0.36819543367703234,0.3374151001401886,39.92060582760378,39.69922948327173,0.1524,10.404948650719305
63,9Iron,A,four4,hann,track,positive,16,4,8.127043722203664,11.487999999999987,-3.3609562777963227,-1.1271210476789035,-1.120150856630427,0.006970191048476515,0.48826704565342705,0.2460048670513974,39.92060582760378,39.69922948327173,0.1524,10.404948650719305
64,9Iron,A,direct1,hann,track,positive,22,7,16.542283173009857,20.468999999999983,-3.926716826990127,-0.9443500706806786,-0.8509127387480258,0.0934373319326528,nan,nan,49.263726340447214,47.26284337702736,0.1524,10.404948650719305
64,9Iron,A,two2,hann,track,positive,22,7,16.253955163918945,20.468999999999983,-4.215044836081038,-0.9980420483628165,-0.9087214905156351,0.0893205578471814,nan,0.155101745320706,49.263726340447214,47.26284337702736,0.1524,10.404948650719305
64,9Iron,A,four3,hann,track,positive,22,7,18.46252209229893,20.468999999999983,-2.006477907701054,-1.1195236098772852,-1.1003002527869847,0.01922335709030043,0.23971503426557506,0.1679442207901276,49.263726340447214,47.26284337702736,0.1524,10.404948650719305
64,9Iron,A,four4,hann,track,positive,22,7,18.21057318534567,20.468999999999983,-2.258426814654314,-1.171900280762309,-1.1515558019738705,0.02034447878843837,0.3106168524525455,0.14333124906048555,49.263726340447214,47.26284337702736,0.1524,10.404948650719305
65,9Iron,A,direct1,hann,track,positive,25,7,14.059584722614963,17.449000000000005,-3.3894152773850426,-0.9159985244998193,-0.8813838036734483,0.03461472082637107,nan,nan,49.75546952533371,47.4667803687637,0.1524,10.404948650719305
65,9Iron,A,two2,hann,track,positive,25,7,14.080018870279707,17.449000000000005,-3.3689811297202983,-1.017240063961059,-0.9664979813749962,0.05074208258606283,nan,0.18395178613335977,49.75546952533371,47.4667803687637,0.1524,10.404948650719305
65,9Iron,A,four3,hann,track,positive,25,7,13.604414326317823,17.449000000000005,-3.8445856736821824,-1.1177393848081518,-1.094918655439481,0.022820729368670856,0.21487905203666693,0.1659616309921865,49.75546952533371,47.4667803687637,0.1524,10.404948650719305
65,9Iron,A,four4,hann,track,positive,25,7,9.09694084803001,17.449000000000005,-8.352059151969994,-1.2662970965801972,-1.2217489606400471,0.04454813594015006,0.39828310704460396,0.1890187651570067,49.75546952533371,47.4667803687637,0.1524,10.404948650719305
66,9Iron,A,direct1,hann,track,positive,20,5,14.389449418753397,21.533999999999995,-7.144550581246598,-0.9064838277912599,-0.7283370304412841,0.17814679734997585,nan,nan,50.023693080726346,48.11344544831894,0.1524,10.404948650719305
66,9Iron,A,two2,hann,track,positive,20,5,13.898104737576693,21.533999999999995,-7.635895262423302,-0.9797808804761401,-0.7818296390464541,0.197951241429686,nan,0.2133105909645957,50.023693080726346,48.11344544831894,0.1524,10.404948650719305
66,9Iron,A,four3,hann,track,positive,20,5,16.82056967838617,21.533999999999995,-4.713430321613824,-1.1917345893551308,-1.0996863436660234,0.09204824568910741,0.25876704269498274,0.10983931395548988,50.023693080726346,48.11344544831894,0.1524,10.404948650719305
66,9Iron,A,four4,hann,track,positive,20,5,18.323662950941603,21.533999999999995,-3.210337049058392,-1.2889186817621685,-1.2218906343277713,0.06702804743439716,0.31804337481052347,0.16475918937672523,50.023693080726346,48.11344544831894,0.1524,10.404948650719305
67,9Iron,A,direct1,hann,track,positive,22,6,16.297381339008364,21.057999999999993,-4.760618660991629,-1.005883841990079,-0.9248781890032483,0.08100565298683082,nan,nan,48.23553604477545,45.86818820896334,0.1524,10.404948650719305
67,9Iron,A,two2,hann,track,positive,22,6,16.41475423730132,21.057999999999993,-4.6432457626986725,-1.0552614505310889,-0.9783765210862075,0.07688492944488134,nan,0.13499151483516536,48.23553604477545,45.86818820896334,0.1524,10.404948650719305
67,9Iron,A,four3,hann,track,positive,22,6,15.488812057235933,21.057999999999993,-5.56918794276406,-1.206650275726447,-1.1396410597287303,0.0670092159977167,0.2694915453506076,0.13011042611453347,48.23553604477545,45.86818820896334,0.1524,10.404948650719305
67,9Iron,A,four4,hann,track,positive,22,6,12.793777980216355,21.057999999999993,-8.264222019783638,-1.2928657784822708,-1.2595491902305798,0.03331658825169104,0.3647439665715421,0.18444040395962594,48.23553604477545,45.86818820896334,0.1524,10.404948650719305
68,9Iron,A,direct1,hann,track,positive,20,5,-2.894265812153702,5.689999999999997,-8.5842658121537,-1.1079830852434702,-0.7822265323508406,0.3257565528926296,nan,nan,48.23553604477545,47.56644566975043,0.1524,10.404948650719305
68,9Iron,A,two2,hann,track,positive,20,5,-0.9719993214374004,5.689999999999997,-6.661999321437397,-1.2307896029643373,-1.1900543525865666,0.040735250377770704,nan,1.0702804179374323,48.23553604477545,47.56644566975043,0.1524,10.404948650719305
68,9Iron,A,four3,hann,track,positive,20,5,-0.9781079625306215,5.689999999999997,-6.668107962530618,-1.261039417899201,-1.223480395942054,0.03755902195714711,0.9973129989201692,0.9974315824567677,48.23553604477545,47.56644566975043,0.1524,10.404948650719305
68,9Iron,A,four4,hann,track,positive,20,5,-1.9731978379978221,5.689999999999997,-7.663197837997819,-1.417701452150389,-1.3998964030589731,0.017805049091415892,1.0087284171121689,1.0234279789049947,48.23553604477545,47.56644566975043,0.1524,10.404948650719305
69,9Iron,A,direct1,hann,track,positive,19,7,18.608990350207502,21.013999999999996,-2.4050096497924933,-0.9536550018398542,-0.9190663887119405,0.034588613127913725,nan,nan,52.21418544976619,50.25057192151659,0.1524,10.404948650719305
69,9Iron,A,two2,hann,track,positive,19,7,18.213737898263208,21.013999999999996,-2.800262101736788,-1.000316135373731,-0.9644859981470748,0.03583013722665629,nan,0.14226603615515704,52.21418544976619,50.25057192151659,0.1524,10.404948650719305
69,9Iron,A,four3,hann,track,positive,19,7,18.499555037017114,21.013999999999996,-2.514444962982882,-1.1853095981786002,-1.1568773097633478,0.02843228841525236,0.2545993245298938,0.12954543987178713,52.21418544976619,50.25057192151659,0.1524,10.404948650719305
69,9Iron,A,four4,hann,track,positive,19,7,18.700425581266114,21.013999999999996,-2.3135744187338823,-1.249547124262838,-1.2250847202376918,0.02446240402514621,0.2907869113499799,0.15776102120355026,52.21418544976619,50.25057192151659,0.1524,10.404948650719305
70,9Iron,A,direct1,hann,track,positive,22,7,18.53091515866632,22.12999999999998,-3.59908484133366,-0.8414125327056717,-0.7807730640840536,0.060639468621618176,nan,nan,48.727279229661946,46.809339155828525,0.1524,10.404948650719305
70,9Iron,A,two2,hann,track,positive,22,7,18.338006900747235,22.12999999999998,-3.791993099252746,-0.8843139056327816,-0.8229827403781634,0.061331165254618125,nan,0.16203129798346044,48.727279229661946,46.809339155828525,0.1524,10.404948650719305
70,9Iron,A,four3,hann,track,positive,22,7,18.988683646319704,22.12999999999998,-3.1413163536802777,-1.0209049310865639,-0.9782052681904899,0.042699662896073964,0.15205828825719014,0.14332289217722866,48.727279229661946,46.809339155828525,0.1524,10.404948650719305
70,9Iron,A,four4,hann,track,positive,22,7,19.75226687199394,22.12999999999998,-2.3777331280060423,-1.0930276472617215,-1.0697701462004907,0.023257501061230812,0.278810529952211,0.144337949313394,48.727279229661946,46.809339155828525,0.1524,10.404948650719305
71,9Iron,A,direct1,hann,track,positive,18,6,17.893379029096625,21.279999999999987,-3.386620970903362,-0.8478360056725543,-0.8111555425207188,0.036680463151835596,nan,nan,49.442542044042305,47.82772354287831,0.1524,10.404948650719305
71,9Iron,A,two2,hann,track,positive,18,6,18.504510192400648,21.279999999999987,-2.775489807599339,-0.8769479385715697,-0.8503893803529032,0.026558558218666484,nan,0.12296713775154838,49.442542044042305,47.82772354287831,0.1524,10.404948650719305
71,9Iron,A,four3,hann,track,positive,18,6,18.478038883680494,21.279999999999987,-2.801961116319493,-1.032735861796213,-1.00590779654276,0.026828065253452937,0.30102327424399533,0.14001306565509478,49.442542044042305,47.82772354287831,0.1524,10.404948650719305
71,9Iron,A,four4,hann,track,positive,18,6,18.661351991675623,21.279999999999987,-2.6186480083243637,-1.085382598412293,-1.06093064878028,0.024451949632012804,0.31099784475081615,0.1319294805455167,49.442542044042305,47.82772354287831,0.1524,10.404948650719305
72,7Iron,A,direct1,hann,track,positive,29,8,7.274678486006539,1.6789999999999963,5.595678486006543,-0.8398649297198297,-0.7284587073431168,0.11140622237671294,nan,nan,34.19850331256091,34.01207683687395,0.1524,10.404948650719305
72,7Iron,A,two2,hann,track,positive,29,8,5.720698162025352,1.6789999999999963,4.041698162025355,-0.9178541722706703,-0.8930107468291106,0.024843425441559708,nan,0.28697389974032683,34.19850331256091,34.01207683687395,0.1524,10.404948650719305
72,7Iron,A,four3,hann,track,positive,29,8,10.356267455904199,1.6789999999999963,8.677267455904202,-0.9916350084165291,-0.9412938440866807,0.050341164329848365,0.5953992291766983,0.4339442473607644,34.19850331256091,34.01207683687395,0.1524,10.404948650719305
72,7Iron,A,four4,hann,track,positive,29,8,7.204230964085704,1.6789999999999963,5.525230964085708,-1.3049744412866602,-1.279480028839762,0.025494412446898096,1.0338425871015777,0.6309566767580531,34.19850331256091,34.01207683687395,0.1524,10.404948650719305
73,7Iron,A,direct1,hann,track,positive,20,6,14.989060079573271,18.677999999999987,-3.6889399204267157,-1.0210720979040913,-0.9519777177061828,0.06909438019790848,nan,nan,50.470732339714075,48.94787602387909,0.1524,10.404948650719305
73,7Iron,A,two2,hann,track,positive,20,6,15.117934774640927,18.677999999999987,-3.5600652253590592,-1.0559688688694413,-0.9844438724843146,0.07152499638512666,nan,0.11004409356888042,50.470732339714075,48.94787602387909,0.1524,10.404948650719305
73,7Iron,A,four3,hann,track,positive,20,6,16.234933137556702,18.677999999999987,-2.4430668624432847,-1.144051466713713,-1.124663673054857,0.019387793658856012,0.16031120039237218,0.1032189065098653,50.470732339714075,48.94787602387909,0.1524,10.404948650719305
73,7Iron,A,four4,hann,track,positive,20,6,16.712749207140426,18.677999999999987,-1.9652507928595604,-1.2490651814247424,-1.2355890191011842,0.013476162323558194,0.1908228327850181,0.13010144839461968,50.470732339714075,48.94787602387909,0.1524,10.404948650719305
74,7Iron,A,direct1,hann,track,positive,17,5,14.480243400446815,16.30699999999998,-1.8267565995531658,-0.9098411252567129,-0.8946228132120215,0.015218312044691373,nan,nan,53.91293463391955,52.245087594089,0.1524,10.404948650719305
74,7Iron,A,two2,hann,track,positive,17,5,14.546168758243539,16.30699999999998,-1.760831241756442,-0.9966340646236432,-0.9813537694740317,0.01528029514961149,nan,0.15182871496217432,53.91293463391955,52.245087594089,0.1524,10.404948650719305
74,7Iron,A,four3,hann,track,positive,17,5,16.129352637823292,16.30699999999998,-0.17764736217668897,-1.0589034387900147,-1.0588872582660165,1.618052399821046e-05,0.14345627260725,0.15109176447656372,53.91293463391955,52.245087594089,0.1524,10.404948650719305
74,7Iron,A,four4,hann,track,positive,17,5,16.893398158996394,16.30699999999998,0.5863981589964133,-1.2523680669191475,-1.251849238493309,0.0005188284258383913,0.20222132955582822,0.1452675007421296,53.91293463391955,52.245087594089,0.1524,10.404948650719305
75,7Iron,A,direct1,hann,track,positive,22,7,15.333734045480503,17.240999999999993,-1.9072659545194899,-0.9407056289185867,-0.918914674157669,0.021790954760917636,nan,nan,52.66122470875392,51.04982513255473,0.1524,10.404948650719305
75,7Iron,A,two2,hann,track,positive,22,7,15.266159577329713,17.240999999999993,-1.9748404226702796,-1.0155494138135777,-0.9922320151489389,0.023317398664638778,nan,0.16683113561525337,52.66122470875392,51.04982513255473,0.1524,10.404948650719305
75,7Iron,A,four3,hann,track,positive,22,7,15.003331422397848,17.240999999999993,-2.237668577602145,-1.1087351238191874,-1.0970307275413966,0.01170439627779074,0.2158575721882357,0.17587026836016562,52.66122470875392,51.04982513255473,0.1524,10.404948650719305
75,7Iron,A,four4,hann,track,positive,22,7,14.135395281095851,17.240999999999993,-3.105604718904141,-1.2090508851844732,-1.1955011384525773,0.013549746731895906,0.25113431525490904,0.1428414848443207,52.66122470875392,51.04982513255473,0.1524,10.404948650719305
76,7Iron,A,direct1,hann,track,positive,21,6,6.578847459015905,12.092000000000013,-5.513152540984108,-0.8430849167383,-0.7613655492411237,0.08171936749717634,nan,nan,46.49208293472332,45.36356297306607,0.1524,10.404948650719305
76,7Iron,A,two2,hann,track,positive,21,6,8.576470814970744,12.092000000000013,-3.515529185029269,-0.9545485989846053,-0.9236732145490393,0.030875384435566033,nan,0.3076696562211187,46.49208293472332,45.36356297306607,0.1524,10.404948650719305
76,7Iron,A,four3,hann,track,positive,21,6,9.530009510518346,12.092000000000013,-2.5619904894816674,-0.9939553027620763,-0.9886887882650314,0.005266514497044961,0.2694198127661012,0.3753126686713156,46.49208293472332,45.36356297306607,0.1524,10.404948650719305
76,7Iron,A,four4,hann,track,positive,21,6,7.248203232972264,12.092000000000013,-4.843796767027749,-1.279146174571806,-1.264625465008728,0.014520709563077938,0.5953439696605733,0.3147131335950195,46.49208293472332,45.36356297306607,0.1524,10.404948650719305
77,7Iron,A,direct1,hann,track,positive,19,6,11.456063211233797,13.927999999999987,-2.4719367887661896,-0.8294746490995851,-0.8070499640810821,0.022424685018503032,nan,nan,46.447379008824555,45.31103690428078,0.1524,10.404948650719305
77,7Iron,A,two2,hann,track,positive,19,6,9.805857586939235,13.927999999999987,-4.122142413060752,-1.0243698613830283,-0.9743987517953515,0.04997110958767681,nan,0.3377133968071342,46.447379008824555,45.31103690428078,0.1524,10.404948650719305
77,7Iron,A,four3,hann,track,positive,19,6,15.003043942964709,13.927999999999987,1.0750439429647223,-1.1516249578434439,-1.1495170082170698,0.0021079496263740616,0.41196207485398717,0.2769082248809074,46.447379008824555,45.31103690428078,0.1524,10.404948650719305
77,7Iron,A,four4,hann,track,positive,19,6,13.567236090678232,13.927999999999987,-0.3607639093217543,-1.3430312737872487,-1.3428761177062072,0.00015515608104155199,0.46732797194089193,0.18295391083699747,46.447379008824555,45.31103690428078,0.1524,10.404948650719305
78,7Iron,A,direct1,hann,track,positive,20,5,-5.0,6.121999999999985,-11.121999999999986,-1.5297944101902132,-0.8736929350644248,0.6561014751257884,nan,nan,30.97982064784929,30.635365440809792,0.1524,10.404948650719305
78,7Iron,A,two2,hann,track,positive,20,5,-0.31588715679134693,6.121999999999985,-6.437887156791332,-1.7602203008177746,-1.6560474565583818,0.10417284425939277,nan,1.96136140402425,30.97982064784929,30.635365440809792,0.1524,10.404948650719305
78,7Iron,A,four3,hann,track,positive,20,5,-3.062145499231212,6.121999999999985,-9.184145499231196,-1.7853213442419502,-1.6855553063505098,0.09976603789144045,0.9259850005844039,0.8840288445309117,30.97982064784929,30.635365440809792,0.1524,10.404948650719305
78,7Iron,A,four4,hann,track,positive,20,5,-2.8356586967767465,6.121999999999985,-8.95765869677673,-1.8821282723307124,-1.7859528888020684,0.09617538352864408,0.95518200540025,0.9234932177889249,30.97982064784929,30.635365440809792,0.1524,10.404948650719305
79,7Iron,A,direct1,hann,track,positive,23,7,9.131974599746329,15.657999999999998,-6.526025400253669,-0.8253994193046187,-0.659314294097401,0.16608512520721763,nan,nan,49.75546952533371,47.30214778733609,0.1524,10.404948650719305
79,7Iron,A,two2,hann,track,positive,23,7,-3.3426107974731085,15.657999999999998,-19.000610797473108,-0.9567722940420512,-0.7696925853785925,0.1870797086634587,nan,1.3334153904633976,49.75546952533371,47.30214778733609,0.1524,10.404948650719305
79,7Iron,A,four3,hann,track,positive,23,7,-3.376173853563379,15.657999999999998,-19.034173853563377,-1.0109037809962425,-0.9187007932649672,0.09220298773127522,1.13339228165891,1.444230074788428,49.75546952533371,47.30214778733609,0.1524,10.404948650719305
79,7Iron,A,four4,hann,track,positive,23,7,-1.6428285879263247,15.657999999999998,-17.300828587926322,-1.1838539375029309,-1.047232943571043,0.13662099393188787,1.0315211752697473,1.0400064914171536,49.75546952533371,47.30214778733609,0.1524,10.404948650719305
80,7Iron,A,direct1,hann,track,positive,23,6,13.528451365706413,14.687999999999988,-1.159548634293575,-0.658289312180086,-0.6526978614925117,0.005591450687574273,nan,nan,47.430865378597545,45.21606063570799,0.1524,10.404948650719305
80,7Iron,A,two2,hann,track,positive,23,6,12.662202118236348,14.687999999999988,-2.0257978817636406,-0.7367011203000113,-0.7245334262617286,0.012167694038282773,nan,0.32561737079347575,47.430865378597545,45.21606063570799,0.1524,10.404948650719305
80,7Iron,A,four3,hann,track,positive,23,6,13.289672361988625,14.687999999999988,-1.398327638011363,-0.8262860657677725,-0.8246139517197465,0.00167211404802603,0.2396027489056806,0.25695928173714105,47.430865378597545,45.21606063570799,0.1524,10.404948650719305
80,7Iron,A,four4,hann,track,positive,23,6,10.567218258287948,14.687999999999988,-4.12078174171204,-1.0254825859059544,-1.0099434980107505,0.015539087895203973,0.5059622593883165,0.2452310130965925,47.430865378597545,45.21606063570799,0.1524,10.404948650719305
81,7Iron,A,direct1,hann,track,positive,22,6,5.3462259493383515,9.146999999999982,-3.800774050661631,-0.7030569076929206,-0.6570537874204447,0.046003120272475884,nan,nan,48.727279229661946,47.111467292198604,0.1524,10.404948650719305
81,7Iron,A,two2,hann,track,positive,22,6,6.740007657274938,9.146999999999982,-2.4069923427250446,-0.7729360125196195,-0.7641777030594721,0.00875830946014744,nan,0.2971044884997093,48.727279229661946,47.111467292198604,0.1524,10.404948650719305
81,7Iron,A,four3,hann,track,positive,22,6,-0.9949323670132987,9.146999999999982,-10.14193236701328,-0.8383823809147142,-0.7986163657035061,0.03976601521120804,0.9860118677072773,0.983684576544239,48.727279229661946,47.111467292198604,0.1524,10.404948650719305
81,7Iron,A,four4,hann,track,positive,22,6,2.650764731022203,9.146999999999982,-6.496235268977779,-0.9726153043666486,-0.9478705695580487,0.024744734808599844,0.7629159207469287,0.6670949685334127,48.727279229661946,47.111467292198604,0.1524,10.404948650719305
82,7Iron,A,direct1,hann,track,positive,23,6,13.331676947536316,17.27599999999998,-3.9443230524636625,-0.8235653665314494,-0.7557584384221211,0.06780692810932831,nan,nan,48.548463526066854,46.632556508514135,0.1524,10.404948650719305
82,7Iron,A,two2,hann,track,positive,23,6,13.023162403485074,17.27599999999998,-4.252837596514905,-0.916671653910993,-0.8369383197394336,0.07973333417155948,nan,0.2615739636305069,48.548463526066854,46.632556508514135,0.1524,10.404948650719305
82,7Iron,A,four3,hann,track,positive,23,6,15.548851178681796,17.27599999999998,-1.727148821318183,-1.0256208150934036,-1.0192993244910662,0.006321490602337443,0.27183274756121745,0.14061673501328273,48.548463526066854,46.632556508514135,0.1524,10.404948650719305
82,7Iron,A,four4,hann,track,positive,23,6,14.63437147402825,17.27599999999998,-2.641628525971729,-1.1666071927717765,-1.1547279414742315,0.011879251297544968,0.2945779459890805,0.13642735279489304,48.548463526066854,46.632556508514135,0.1524,10.404948650719305
83,7Iron,A,direct1,hann,track,positive,20,5,11.802683277098623,18.87599999999999,-7.073316722901367,-0.8513428563073301,-0.6973973010431618,0.1539455552641683,nan,nan,50.06839700662512,48.107925317263614,0.1524,10.404948650719305
83,7Iron,A,two2,hann,track,positive,20,5,12.621036743602755,18.87599999999999,-6.254963256397236,-0.9467495623660932,-0.796375924850446,0.15037363751564725,nan,0.23022596028749864,50.06839700662512,48.107925317263614,0.1524,10.404948650719305
83,7Iron,A,four3,hann,track,positive,20,5,14.556147139108907,18.87599999999999,-4.319852860891084,-1.0163577455113262,-0.9839146464546896,0.03244309905663656,0.22473164976401933,0.2214378268309795,50.06839700662512,48.107925317263614,0.1524,10.404948650719305
83,7Iron,A,four4,hann,track,positive,20,5,14.574180164348563,18.87599999999999,-4.301819835651427,-1.1711819733268882,-1.1427900371633952,0.028391936163493003,0.3460257842143162,0.16621737473394937,50.06839700662512,48.107925317263614,0.1524,10.404948650719305
84,7Iron,A,direct1,hann,track,positive,12,3,11.965686309178908,16.949999999999992,-4.984313690821084,-0.9762756833678106,-0.874404094441874,0.10187158892593662,nan,nan,54.53878959650236,52.80983073560512,0.1524,10.404948650719305
84,7Iron,A,two2,hann,track,positive,12,3,11.86945360149439,16.949999999999992,-5.080546398505602,-1.0585565830164214,-0.9634512262036955,0.09510535681272592,nan,0.19204054716982139,54.53878959650236,52.80983073560512,0.1524,10.404948650719305
84,7Iron,A,four3,hann,track,positive,12,3,15.432631410575047,16.949999999999992,-1.5173685894249456,-1.10843982726813,-1.104965495156222,0.0034743321119079518,0.23839999108485327,0.18023937946298949,54.53878959650236,52.80983073560512,0.1524,10.404948650719305
84,7Iron,A,four4,hann,track,positive,12,3,16.256892417664176,16.949999999999992,-0.6931075823358164,-1.1554647774082831,-1.1549099388304749,0.0005548385778082476,0.30329793826272355,0.13702206010222268,54.53878959650236,52.80983073560512,0.1524,10.404948650719305
86,5Iron,A,direct1,hann,track,positive,20,5,13.383220699172783,14.677,-1.2937793008272163,-0.8147674628922236,-0.8100252927027656,0.004742170189457995,nan,nan,50.023693080726346,47.53024373748418,0.1524,10.404948650719305
86,5Iron,A,two2,hann,track,positive,20,5,-4.141686162727895,14.677,-18.818686162727893,-0.9506549367726043,-0.8760955186000278,0.0745594181725765,nan,1.277138228232804,50.023693080726346,47.53024373748418,0.1524,10.404948650719305
86,5Iron,A,four3,hann,track,positive,20,5,-4.175661298793251,14.677,-18.85266129879325,-1.0852537630574297,-1.020894344662122,0.06435941839530779,1.117415276065531,1.2953724573958207,50.023693080726346,47.53024373748418,0.1524,10.404948650719305
86,5Iron,A,four4,hann,track,positive,20,5,-0.21580103584247332,14.677,-14.892801035842473,-1.2870826359954042,-1.143165423942424,0.14391721205298014,0.9079397106643639,0.824139479870452,50.023693080726346,47.53024373748418,0.1524,10.404948650719305
87,5Iron,A,direct1,hann,track,positive,20,6,13.352550846891896,15.406999999999991,-2.054449153108095,-0.9592778759332243,-0.9355635998303807,0.0237142761028436,nan,nan,52.84004041234901,51.122749823040635,0.1524,10.404948650719305
87,5Iron,A,two2,hann,track,positive,20,6,12.56835493658159,15.406999999999991,-2.838645063418401,-1.0287572576376958,-0.9994468233220536,0.029310434315642175,nan,0.19097013042968064,52.84004041234901,51.122749823040635,0.1524,10.404948650719305
87,5Iron,A,four3,hann,track,positive,20,6,14.898569228711969,15.406999999999991,-0.5084307712880225,-1.155347786379511,-1.1547007541107082,0.0006470322688028052,0.24866779028656527,0.1533534808562168,52.84004041234901,51.122749823040635,0.1524,10.404948650719305
87,5Iron,A,four4,hann,track,positive,20,6,13.00054025217677,15.406999999999991,-2.406459747823222,-1.3332784189373021,-1.3229739258966162,0.010304493040685925,0.3336066573309916,0.1586780399489308,52.84004041234901,51.122749823040635,0.1524,10.404948650719305
88,5Iron,A,direct1,hann,track,positive,24,6,-5.0,0.5110000000000001,-5.511,-0.9572413083525498,-0.7852063291913532,0.1720349791611966,nan,nan,44.07807093618961,43.00582860650462,0.1524,10.404948650719305
88,5Iron,A,two2,hann,track,positive,24,6,-4.148137365590376,0.5110000000000001,-4.659137365590376,-1.088585684835409,-1.046345488166437,0.04224019666897205,nan,0.5620164837588324,44.07807093618961,43.00582860650462,0.1524,10.404948650719305
88,5Iron,A,four3,hann,track,positive,24,6,-4.159355069652826,0.5110000000000001,-4.670355069652826,-1.1207895104280419,-1.0775912070957356,0.04319830333230623,1.003253215067737,0.9561710051573344,44.07807093618961,43.00582860650462,0.1524,10.404948650719305
88,5Iron,A,four4,hann,track,positive,24,6,-4.1059000422135785,0.5110000000000001,-4.616900042213579,-1.1673706507587485,-1.1333163824072237,0.03405426835152481,1.020060289896867,1.021300832177965,44.07807093618961,43.00582860650462,0.1524,10.404948650719305
90,5Iron,A,direct1,hann,track,positive,17,5,5.141906308909656,12.959999999999992,-7.818093691090336,-0.7055942498346279,-0.5826196198710364,0.12297462996359154,nan,nan,54.04704641161587,50.56141437408992,0.1524,10.404948650719305
90,5Iron,A,two2,hann,track,positive,17,5,-1.5783262093610826,12.959999999999992,-14.538326209361074,-0.7716206523036279,-0.6736052189896082,0.09801543331401963,nan,0.8692498185126025,54.04704641161587,50.56141437408992,0.1524,10.404948650719305
90,5Iron,A,four3,hann,track,positive,17,5,-4.010570796617532,12.959999999999992,-16.970570796617523,-0.7970546412199969,-0.7414121483655192,0.055642492854477754,1.0572931436328055,1.2304004100384176,54.04704641161587,50.56141437408992,0.1524,10.404948650719305
90,5Iron,A,four4,hann,track,positive,17,5,-3.9718278402390306,12.959999999999992,-16.931827840239023,-0.9723538166982812,-0.8661799137567273,0.10617390294155393,1.0961806896445752,1.2463686274974644,54.04704641161587,50.56141437408992,0.1524,10.404948650719305
91,5Iron,A,direct1,hann,track,positive,22,6,7.4402648212785065,9.892999999999994,-2.452735178721487,-0.714566134524555,-0.6957753482027101,0.018790786321844832,nan,nan,47.20734574910368,46.19584787565755,0.1524,10.404948650719305
91,5Iron,A,two2,hann,track,positive,22,6,8.55876926926517,9.892999999999994,-1.3342307307348236,-0.7895082191135824,-0.785585007392858,0.003923211720724407,nan,0.31347825109877625,47.20734574910368,46.19584787565755,0.1524,10.404948650719305
91,5Iron,A,four3,hann,track,positive,22,6,9.773519243472151,9.892999999999994,-0.1194807565278424,-0.8208558561083582,-0.8208819515329734,-2.6095424615180107e-05,0.37479691160714523,0.357467054804051,47.20734574910368,46.19584787565755,0.1524,10.404948650719305
91,5Iron,A,four4,hann,track,positive,22,6,9.337481985443839,9.892999999999994,-0.5555180145561547,-0.9940567543591583,-0.9938395487257643,0.000217205633394002,0.5167977493455846,0.36121417042877,47.20734574910368,46.19584787565755,0.1524,10.404948650719305
92,5Iron,A,direct1,hann,track,positive,19,5,3.870734629372005,10.917999999999983,-7.047265370627978,-1.090729889626285,-0.9093855225216858,0.1813443671045991,nan,nan,48.10142426707913,46.135109857309985,0.1524,10.404948650719305
92,5Iron,A,two2,hann,track,positive,19,5,6.375017113018267,10.917999999999983,-4.542982886981716,-1.1704091666805228,-1.11885997025822,0.05154919642230271,nan,0.17045869987269638,48.10142426707913,46.135109857309985,0.1524,10.404948650719305
92,5Iron,A,four3,hann,track,positive,19,5,-2.4760562640279327,10.917999999999983,-13.394056264027917,-1.207397733971649,-1.1788387353059986,0.02855899866565048,1.01584281352434,1.0596605651951556,48.10142426707913,46.135109857309985,0.1524,10.404948650719305
92,5Iron,A,four4,hann,track,positive,19,5,6.674313540630858,10.917999999999983,-4.243686459369125,-1.348656633919012,-1.3322189881506348,0.01643764576837725,0.42677847576857597,0.4366173138757709,48.10142426707913,46.135109857309985,0.1524,10.404948650719305
93,5Iron,A,direct1,hann,track,positive,20,5,-4.542620055718573,1.5239999999999743,-6.0666200557185475,-1.7670191754973197,-1.3539113051277791,0.41310787036954055,nan,nan,38.89241553193201,38.26469086258259,0.1524,10.404948650719305
93,5Iron,A,two2,hann,track,positive,20,5,-3.695161942920219,1.5239999999999743,-5.219161942920193,-1.9532061112592463,-1.8918477863553853,0.06135832490386095,nan,0.6845776970419108,38.89241553193201,38.26469086258259,0.1524,10.404948650719305
93,5Iron,A,four3,hann,track,positive,20,5,-3.9651556351597637,1.5239999999999743,-5.489155635159738,-1.9815394960521577,-1.9115318360987026,0.07000765995345515,0.8975086262884888,0.9020330985133287,38.89241553193201,38.26469086258259,0.1524,10.404948650719305
93,5Iron,A,four4,hann,track,positive,20,5,-2.6097777005045915,1.5239999999999743,-4.133777700504566,-2.039815285943682,-1.9657437947648773,0.07407149117880474,0.9946908816046919,0.9811438195733821,38.89241553193201,38.26469086258259,0.1524,10.404948650719305
94,5Iron,A,direct1,hann,track,positive,20,5,9.365602179203435,13.115999999999982,-3.7503978207965467,-0.9683631500694331,-0.931089474359321,0.037273675710112086,nan,nan,57.93628796480906,56.37819553311256,0.1524,10.404948650719305
94,5Iron,A,two2,hann,track,positive,20,5,8.216800465653558,13.115999999999982,-4.899199534346424,-1.1458054940576732,-1.0735933242036153,0.07221216985405787,nan,0.3377778495521231,57.93628796480906,56.37819553311256,0.1524,10.404948650719305
94,5Iron,A,four3,hann,track,positive,20,5,13.747682131765478,13.115999999999982,0.6316821317654959,-1.258324985232743,-1.257775714294541,0.0005492709382020067,0.3472669479749064,0.2584099561513554,57.93628796480906,56.37819553311256,0.1524,10.404948650719305
94,5Iron,A,four4,hann,track,positive,20,5,9.23515685675943,13.115999999999982,-3.8808431432405524,-1.4717483106731037,-1.4542713819996234,0.017476928673480385,0.5262858649369562,0.2857236453204437,57.93628796480906,56.37819553311256,0.1524,10.404948650719305
95,5Iron,A,direct1,hann,track,positive,24,6,14.186132337798208,14.271999999999982,-0.08586766220177466,-0.9315014829606437,-0.9316369714831532,-0.00013548852250944154,nan,nan,51.2306990799932,48.76380628406203,0.1524,10.404948650719305
95,5Iron,A,two2,hann,track,positive,24,6,13.651819593430666,14.271999999999982,-0.6201804065693164,-0.9910566533543225,-0.9896472717074823,0.0014093816468401243,nan,0.18115178030929707,51.2306990799932,48.76380628406203,0.1524,10.404948650719305
95,5Iron,A,four3,hann,track,positive,24,6,13.20581020403366,14.271999999999982,-1.0661897959663218,-1.089262646219319,-1.0879030132116563,0.0013596330076626195,0.261977779405894,0.16565924931837406,51.2306990799932,48.76380628406203,0.1524,10.404948650719305
95,5Iron,A,four4,hann,track,positive,24,6,10.381668596742825,14.271999999999982,-3.890331403257157,-1.3004507209218958,-1.285916171357378,0.01453454956451794,0.41257554428756893,0.2235574514313068,51.2306990799932,48.76380628406203,0.1524,10.404948650719305
96,5Iron,A,direct1,hann,track,positive,16,4,11.456407901985425,14.196999999999997,-2.740592098014572,-0.9412995660817035,-0.8944790168591469,0.04682054922255663,nan,nan,57.93628796480906,56.177827827840886,0.1524,10.404948650719305
96,5Iron,A,two2,hann,track,positive,16,4,-2.5189285248643403,14.196999999999997,-16.71592852486434,-1.0708760713868233,-0.9813317978034759,0.08954427358334738,nan,1.1053051924680464,57.93628796480906,56.177827827840886,0.1524,10.404948650719305
96,5Iron,A,four3,hann,track,positive,16,4,13.498923194330974,14.196999999999997,-0.6980768056690234,-1.1573770745314775,-1.1541794651108006,0.003197609420676928,0.23107836901708037,0.2510244029667088,57.93628796480906,56.177827827840886,0.1524,10.404948650719305
96,5Iron,A,four4,hann,track,positive,16,4,9.938438337861069,14.196999999999997,-4.258561662138929,-1.4096711480243465,-1.3724795267576848,0.037191621266661645,0.45570054503326635,0.2084893740509186,57.93628796480906,56.177827827840886,0.1524,10.404948650719305
97,5Iron,A,direct1,hann,track,positive,16,4,10.027494202346558,14.368000000000002,-4.340505797653444,-1.0530653147863893,-0.9490683939805498,0.10399692080583955,nan,nan,56.95280159503608,55.24302226726476,0.1524,10.404948650719305
97,5Iron,A,two2,hann,track,positive,16,4,9.17050016074527,14.368000000000002,-5.197499839254732,-1.2496692584591163,-1.1037949456771838,0.1458743127819324,nan,0.29543072560319605,56.95280159503608,55.24302226726476,0.1524,10.404948650719305
97,5Iron,A,four3,hann,track,positive,16,4,13.72947438917981,14.368000000000002,-0.6385256108201922,-1.3680689381858517,-1.3669451682731792,0.0011237699126724898,0.3397335560181499,0.1244852301249721,56.95280159503608,55.24302226726476,0.1524,10.404948650719305
97,5Iron,A,four4,hann,track,positive,16,4,11.087530602677157,14.368000000000002,-3.280469397322845,-1.5038460191721814,-1.481576897712624,0.022269121459557395,0.3968592359072576,0.10650018143007638,56.95280159503608,55.24302226726476,0.1524,10.404948650719305
98,5Iron,A,direct1,hann,track,positive,17,5,12.212202281184656,14.74200000000001,-2.529797718815354,-1.0745500471466332,-1.0434010408620007,0.031149006284632463,nan,nan,59.05388611227838,57.17589581846707,0.1524,10.404948650719305
98,5Iron,A,two2,hann,track,positive,17,5,11.815601438596484,14.74200000000001,-2.9263985614035253,-1.1405263532064467,-1.0951354038071832,0.04539094939926347,nan,0.15211395891962598,59.05388611227838,57.17589581846707,0.1524,10.404948650719305
98,5Iron,A,four3,hann,track,positive,17,5,12.464826840656247,14.74200000000001,-2.2771731593437625,-1.2424903335793718,-1.2306754515938034,0.011814881985568348,0.25747830157461854,0.2019970262144583,59.05388611227838,57.17589581846707,0.1524,10.404948650719305
98,5Iron,A,four4,hann,track,positive,17,5,11.71986955446066,14.74200000000001,-3.02213044553935,-1.3768309010819562,-1.3580567722624937,0.0187741288194625,0.31775781192293273,0.15566190181057799,59.05388611227838,57.17589581846707,0.1524,10.404948650719305
99,5Iron,A,direct1,hann,track,positive,19,5,10.244755606083139,14.71499999999999,-4.47024439391685,-1.0344046704845111,-0.9058072889361375,0.12859738154837363,nan,nan,58.47273507559434,56.6371797113006,0.1524,10.404948650719305
99,5Iron,A,two2,hann,track,positive,19,5,10.420181698918748,14.71499999999999,-4.294818301081241,-1.1524615321826355,-1.0282392228194104,0.12422230936322509,nan,0.28518140151293636,58.47273507559434,56.6371797113006,0.1524,10.404948650719305
99,5Iron,A,four3,hann,track,positive,19,5,13.166472277501628,14.71499999999999,-1.5485277224983616,-1.2279641610196674,-1.2213757729629815,0.006588388056685934,0.2043370553235816,0.1774351329619911,58.47273507559434,56.6371797113006,0.1524,10.404948650719305
99,5Iron,A,four4,hann,track,positive,19,5,12.25237939432013,14.71499999999999,-2.4626206056798594,-1.4140670125380734,-1.3993602525110997,0.014706760026973686,0.3592559382943308,0.1277659919132021,58.47273507559434,56.6371797113006,0.1524,10.404948650719305
101,5Iron,A,direct1,hann,track,positive,16,4,12.85681214490306,14.392000000000003,-1.535187855096943,-0.9853300041772941,-0.9741788926719166,0.011151111505377509,nan,nan,57.08691337273239,55.92534376491948,0.1524,10.404948650719305
101,5Iron,A,two2,hann,track,positive,16,4,11.652811810158909,14.392000000000003,-2.7391881898410944,-1.0644589550717949,-1.0397510343759013,0.02470792069589356,nan,0.19388296918733647,57.08691337273239,55.92534376491948,0.1524,10.404948650719305
101,5Iron,A,four3,hann,track,positive,16,4,13.147353203217675,14.392000000000003,-1.2446467967823285,-1.2343009965262155,-1.230089873277175,0.004211123249040494,0.23838521627650672,0.2423597402294952,57.08691337273239,55.92534376491948,0.1524,10.404948650719305
101,5Iron,A,four4,hann,track,positive,16,4,12.880050729750259,14.392000000000003,-1.511949270249744,-1.5084187622263974,-1.503994752255828,0.004424009970569465,0.3887917779411051,0.1517101701039657,57.08691337273239,55.92534376491948,0.1524,10.404948650719305
103,Driver,A,direct1,hann,track,positive,12,3,6.4084228355050294,10.004000000000007,-3.595577164494977,-1.3290116866953332,-1.2342428463000665,0.09476884039526667,nan,nan,66.20651425608196,65.04050420858877,0.1524,10.404948650719305
103,Driver,A,two2,hann,track,positive,12,3,7.5207269074497525,10.004000000000007,-2.483273092550254,-1.4627681051323271,-1.42510651027339,0.037661594858937164,nan,0.2163990846730819,66.20651425608196,65.04050420858877,0.1524,10.404948650719305
103,Driver,A,four3,hann,track,positive,12,3,8.780051795184646,10.004000000000007,-1.2239482048153612,-1.4786445286408914,-1.4761529505075437,0.0024915781333476605,0.1577338857845446,0.207357437831599,66.20651425608196,65.04050420858877,0.1524,10.404948650719305
103,Driver,A,four4,hann,track,positive,12,3,9.694429251806156,10.004000000000007,-0.3095707481938508,-1.5632726412265479,-1.5631730452046027,9.9596021945203e-05,0.28037380700133296,0.14283722506606866,66.20651425608196,65.04050420858877,0.1524,10.404948650719305
104,Driver,A,direct1,hann,track,positive,23,6,14.646789082023952,17.990000000000002,-3.34321091797605,-0.9041228064250798,-0.8437318954343009,0.06039091099077887,nan,nan,61.557305962609625,58.72067316160003,0.1524,10.404948650719305
104,Driver,A,two2,hann,track,positive,23,6,14.442462993140348,17.990000000000002,-3.5475370068596543,-0.9529501438554994,-0.9022374068897192,0.05071273696578016,nan,0.17240612555193713,61.557305962609625,58.72067316160003,0.1524,10.404948650719305
104,Driver,A,four3,hann,track,positive,23,6,14.710852374442158,17.990000000000002,-3.279147625557844,-1.0443642885126978,-1.0192675782180347,0.025096710294663094,0.21466798651884206,0.19567002796727267,61.557305962609625,58.72067316160003,0.1524,10.404948650719305
104,Driver,A,four4,hann,track,positive,23,6,15.411006558581693,17.990000000000002,-2.5789934414183087,-1.1544127439728964,-1.1403470590187192,0.014065684954177149,0.25724653921351115,0.12608596165055067,61.557305962609625,58.72067316160003,0.1524,10.404948650719305
105,Driver,A,direct1,hann,track,positive,20,5,1.6936670558128482,5.857999999999973,-4.164332944187125,-1.1053091440178968,-1.0202855079573077,0.08502363606058916,nan,nan,64.32894936833353,62.482001443068725,0.1524,10.404948650719305
105,Driver,A,two2,hann,track,positive,20,5,-4.0925850930162,5.857999999999973,-9.950585093016173,-1.2622524501406496,-1.2294332514392974,0.03281919870135219,nan,1.5949036114133073,64.32894936833353,62.482001443068725,0.1524,10.404948650719305
105,Driver,A,four3,hann,track,positive,20,5,-4.078961633260962,5.857999999999973,-9.936961633260935,-1.2905512972161521,-1.2560110198652823,0.03454027735086984,1.0171531313776687,1.123089993231312,64.32894936833353,62.482001443068725,0.1524,10.404948650719305
105,Driver,A,four4,hann,track,positive,20,5,-4.22077359762902,5.857999999999973,-10.078773597628993,-1.4611691789216061,-1.434496943137448,0.026672235784158227,1.1223381519213784,1.25052159968685,64.32894936833353,62.482001443068725,0.1524,10.404948650719305
112,Driver,A,direct1,hann,track,positive,12,3,9.503691963346185,10.008999999999974,-0.5053080366537888,-1.04878631725989,-1.0478241601905796,0.0009621570693103543,nan,nan,68.57582232871691,66.71210258129634,0.1524,10.404948650719305
112,Driver,A,two2,hann,track,positive,12,3,7.970424151715274,10.008999999999974,-2.0385758482847,-1.1156959825080366,-1.1096620192857276,0.00603396322230898,nan,0.2494252095783835,68.57582232871691,66.71210258129634,0.1524,10.404948650719305
112,Driver,A,four3,hann,track,positive,12,3,9.34628125638763,10.008999999999974,-0.6627187436123432,-1.1726135416294918,-1.1724744481504528,0.00013909347903906522,0.25809294900887125,0.23025764507265714,68.57582232871691,66.71210258129634,0.1524,10.404948650719305
112,Driver,A,four4,hann,track,positive,12,3,0.1407607113832914,10.008999999999974,-9.868239288616682,-1.2636421983160504,-1.2411829050085172,0.022459293307533157,0.6945394951813053,0.5489980277143619,68.57582232871691,66.71210258129634,0.1524,10.404948650719305
113,Driver,A,direct1,hann,track,positive,16,5,9.914743047473955,13.960999999999997,-4.046256952526042,-1.3834697808537377,-1.2480713379213753,0.13539844293236247,nan,nan,65.53595536760038,63.52557867311998,0.1524,10.404948650719305
113,Driver,A,two2,hann,track,positive,16,5,10.725318490397687,13.960999999999997,-3.23568150960231,-1.4942969472313972,-1.3872137925531312,0.10708315467826601,nan,0.18090044095215954,65.53595536760038,63.52557867311998,0.1524,10.404948650719305
113,Driver,A,four3,hann,track,positive,16,5,11.336340320975538,13.960999999999997,-2.624659679024459,-1.5897201382780133,-1.5645999838047393,0.02512015447327398,0.1788644889619498,0.17235119374877042,65.53595536760038,63.52557867311998,0.1524,10.404948650719305
113,Driver,A,four4,hann,track,positive,16,5,10.473782636380504,13.960999999999997,-3.487217363619493,-1.7493805216948828,-1.7136100113562598,0.035770510338622996,0.19549175566840638,0.11050326997597065,65.53595536760038,63.52557867311998,0.1524,10.404948650719305
114,Driver,A,direct1,hann,track,positive,18,5,13.190171225721583,14.620999999999993,-1.4308287742784103,-1.0815699032212467,-1.0690640845685828,0.01250581865266387,nan,nan,68.754638032312,66.41769366658134,0.1524,10.404948650719305
114,Driver,A,two2,hann,track,positive,18,5,12.881778271620043,14.620999999999993,-1.7392217283799507,-1.1208779900426564,-1.1034201310288723,0.01745785901378416,nan,0.14014912814704697,68.754638032312,66.41769366658134,0.1524,10.404948650719305
114,Driver,A,four3,hann,track,positive,18,5,12.942689226605294,14.620999999999993,-1.6783107733946991,-1.2340080955036055,-1.2318949444715444,0.0021131510320611113,0.17786851480489468,0.13273553209025085,68.754638032312,66.41769366658134,0.1524,10.404948650719305
114,Driver,A,four4,hann,track,positive,18,5,11.650404094120857,14.620999999999993,-2.9705959058791365,-1.3904020749908912,-1.3766741641793743,0.013727910811516919,0.29401312767726734,0.11794088545742828,68.754638032312,66.41769366658134,0.1524,10.404948650719305
115,SandWedge,A,direct1,hann,track,positive,28,7,28.559507132049298,31.661999999999985,-3.102492867950687,-1.0216946712238848,-0.9681093279464499,0.053585343277434916,nan,nan,31.33745205503947,28.836434147209175,0.1524,10.404948650719305
115,SandWedge,A,two2,hann,track,positive,28,7,28.257179495870258,31.661999999999985,-3.4048205041297273,-1.0754924397098946,-1.001753448680269,0.07373899102962556,nan,0.15872501568974842,31.33745205503947,28.836434147209175,0.1524,10.404948650719305
115,SandWedge,A,four3,hann,track,positive,28,7,27.80553308976928,31.661999999999985,-3.8564669102307043,-1.2506282281853716,-1.1534229828502378,0.09720524533513375,0.27174215923414136,0.14611744954732012,31.33745205503947,28.836434147209175,0.1524,10.404948650719305
115,SandWedge,A,four4,hann,track,positive,28,7,28.397674293450887,31.661999999999985,-3.264325706549098,-1.3090408520153507,-1.2296884839080116,0.07935236810733914,0.31126444684301746,0.14562796646269927,31.33745205503947,28.836434147209175,0.1524,10.404948650719305
116,SandWedge,A,direct1,hann,track,positive,21,6,27.121201909892186,29.217000000000002,-2.0957980901078166,-0.6170606150228592,-0.6039620546023112,0.013098560420548022,nan,nan,29.728110722683663,30.553232406976534,0.1524,10.404948650719305
116,SandWedge,A,two2,hann,track,positive,21,6,26.562159923461056,29.217000000000002,-2.654840076538946,-0.6848984322241275,-0.6628496865781418,0.02204874564598569,nan,0.24625164562952453,29.728110722683663,30.553232406976534,0.1524,10.404948650719305
116,SandWedge,A,four3,hann,track,positive,21,6,27.388313169496655,29.217000000000002,-1.8286868305033472,-0.8771087279397854,-0.8691937572112529,0.007914970728532533,0.4685917474751773,0.25418399149864906,29.728110722683663,30.553232406976534,0.1524,10.404948650719305
116,SandWedge,A,four4,hann,track,positive,21,6,27.750765237339753,29.217000000000002,-1.4662347626602497,-1.0217610357804654,-1.0170098387319428,0.00475119704852256,0.5554962277715497,0.250266423965697,29.728110722683663,30.553232406976534,0.1524,10.404948650719305
117,SandWedge,A,direct1,hann,track,positive,20,5,24.721546889949764,30.729999999999986,-6.0084531100502225,-1.2940821942374607,-1.0600631596033572,0.23401903463410356,nan,nan,33.79616797947195,31.204397850742673,0.1524,10.404948650719305
117,SandWedge,A,two2,hann,track,positive,20,5,25.08055018730894,30.729999999999986,-5.649449812691046,-1.3550914502395421,-1.1048985280295986,0.2501929222099435,nan,0.12170787483741463,33.79616797947195,31.204397850742673,0.1524,10.404948650719305
117,SandWedge,A,four3,hann,track,positive,20,5,25.962636025780494,30.729999999999986,-4.767363974219492,-1.4833809031447707,-1.2760601111195196,0.2073207920252511,0.1483556487943638,0.11428870854961294,33.79616797947195,31.204397850742673,0.1524,10.404948650719305
117,SandWedge,A,four4,hann,track,positive,20,5,26.10860377143861,30.729999999999986,-4.621396228561377,-1.571800641672955,-1.3841118475538752,0.1876887941190799,0.18954964749363046,0.10124370639971585,33.79616797947195,31.204397850742673,0.1524,10.404948650719305
118,SandWedge,A,direct1,hann,track,positive,28,7,28.439668388561152,33.168000000000006,-4.728331611438854,-0.6729880889748024,-0.5900364245283166,0.08295166444648583,nan,nan,32.544458054306325,27.391119567093856,0.1524,10.404948650719305
118,SandWedge,A,two2,hann,track,positive,28,7,28.137885098336277,33.168000000000006,-5.03011490166373,-0.7314751084352782,-0.6174671076875161,0.11400800074776207,nan,0.16405488933225768,32.544458054306325,27.391119567093856,0.1524,10.404948650719305
118,SandWedge,A,four3,hann,track,positive,28,7,28.358648925159947,33.168000000000006,-4.809351074840059,-0.7868912130925428,-0.6930859397874558,0.09380527330508703,0.23484412485853218,0.16975561079745638,32.544458054306325,27.391119567093856,0.1524,10.404948650719305
118,SandWedge,A,four4,hann,track,positive,28,7,29.01397753473152,33.168000000000006,-4.154022465268486,-0.9381200180419543,-0.8342829856744777,0.10383703236747666,0.3783999855730814,0.15705489394666983,32.544458054306325,27.391119567093856,0.1524,10.404948650719305
119,SandWedge,A,direct1,hann,track,positive,24,6,23.214868431221223,26.353999999999992,-3.139131568778769,-0.8995921281259623,-0.8622430556746111,0.03734907245135122,nan,nan,33.125609090990366,31.457996680962957,0.1524,10.404948650719305
119,SandWedge,A,two2,hann,track,positive,24,6,23.462034910180307,26.353999999999992,-2.891965089819685,-0.9504420150070797,-0.9058550766499555,0.04458693835712424,nan,0.13181865915235702,33.125609090990366,31.457996680962957,0.1524,10.404948650719305
119,SandWedge,A,four3,hann,track,positive,24,6,22.615645471661498,26.353999999999992,-3.738354528338494,-1.2542307159925252,-1.187345039145575,0.06688567684695013,0.2535597520758076,0.15434145160457385,33.125609090990366,31.457996680962957,0.1524,10.404948650719305
119,SandWedge,A,four4,hann,track,positive,24,6,22.51917915808254,26.353999999999992,-3.834820841917452,-1.325491864556949,-1.2557838705302136,0.06970799402673533,0.3148529086368401,0.126480038307237,33.125609090990366,31.457996680962957,0.1524,10.404948650719305
120,SandWedge,A,direct1,hann,track,positive,28,7,24.216899775493914,27.744999999999997,-3.5281002245060833,-1.1321520244394847,-1.0367822093613794,0.09536981507810527,nan,nan,31.113932425545606,29.06312767179844,0.1524,10.404948650719305
120,SandWedge,A,two2,hann,track,positive,28,7,24.167009307356107,27.744999999999997,-3.5779906926438905,-1.1862433571718924,-1.0802450869574336,0.10599827021445885,nan,0.14806306909948208,31.113932425545606,29.06312767179844,0.1524,10.404948650719305
120,SandWedge,A,four3,hann,track,positive,28,7,23.030341003980435,27.744999999999997,-4.714658996019562,-1.3491348721122152,-1.212851933415532,0.13628293869668306,0.2038132528016746,0.1350583021371632,31.113932425545606,29.06312767179844,0.1524,10.404948650719305
120,SandWedge,A,four4,hann,track,positive,28,7,23.633475288231708,27.744999999999997,-4.11152471176829,-1.4645477489853074,-1.3276596585114186,0.13688809047388872,0.2788769666353453,0.11882336421629705,31.113932425545606,29.06312767179844,0.1524,10.404948650719305
121,SandWedge,A,direct1,hann,track,positive,24,6,20.333846109003872,24.805000000000007,-4.471153890996135,-1.1555620774989281,-1.0359445468985113,0.1196175306004168,nan,nan,30.890412796051745,29.415892449724353,0.1524,10.404948650719305
121,SandWedge,A,two2,hann,track,positive,24,6,20.050277184983077,24.805000000000007,-4.75472281501693,-1.2144915301941726,-1.0775565517925054,0.13693497840166713,nan,0.1449390480823514,30.890412796051745,29.415892449724353,0.1524,10.404948650719305
121,SandWedge,A,four3,hann,track,positive,24,6,21.829709340038953,24.805000000000007,-2.975290659961054,-1.4179380379302413,-1.3535562772824414,0.06438176064779988,0.20768215759676628,0.12024792912734536,30.890412796051745,29.415892449724353,0.1524,10.404948650719305
121,SandWedge,A,four4,hann,track,positive,24,6,21.54451585282998,24.805000000000007,-3.2604841471700254,-1.4916305908541732,-1.4239887750820055,0.06764181577216766,0.26508897445669505,0.09945400958845366,30.890412796051745,29.415892449724353,0.1524,10.404948650719305
122,SandWedge,A,direct1,hann,track,positive,24,6,26.042257927614614,31.036999999999985,-4.994742072385371,-1.0455607956558317,-0.9259914115760338,0.11956938407979789,nan,nan,31.069228499646837,27.266565734039325,0.1524,10.404948650719305
122,SandWedge,A,two2,hann,track,positive,24,6,25.91638706044306,31.036999999999985,-5.120612939556924,-1.1330321461023187,-0.9946395083486871,0.13839263775363164,nan,0.20364450060354677,31.069228499646837,27.266565734039325,0.1524,10.404948650719305
122,SandWedge,A,four3,hann,track,positive,24,6,25.834002787687762,31.036999999999985,-5.202997212312223,-1.450207272299634,-1.2856720851375643,0.16453518716206972,0.3359884276425499,0.1592922326246251,31.069228499646837,27.266565734039325,0.1524,10.404948650719305
122,SandWedge,A,four4,hann,track,positive,24,6,26.355568970192575,31.036999999999985,-4.68143102980741,-1.5523078421255938,-1.4203424289864748,0.13196541313911903,0.3626574004321871,0.1274049958297041,31.069228499646837,27.266565734039325,0.1524,10.404948650719305
123,SandWedge,A,direct1,hann,track,positive,29,8,26.19912077433029,29.30099999999999,-3.101879225669702,-1.0454426352720332,-0.9680941452366245,0.07734849003540867,nan,nan,36.567811385195846,33.55577069682823,0.1524,10.404948650719305
123,SandWedge,A,two2,hann,track,positive,29,8,25.935736763764734,29.30099999999999,-3.3652632362352577,-1.1281818096556337,-1.0114274694163012,0.11675434023933251,nan,0.16309472785155574,36.567811385195846,33.55577069682823,0.1524,10.404948650719305
123,SandWedge,A,four3,hann,track,positive,29,8,25.081845723163493,29.30099999999999,-4.219154276836498,-1.3013180763992498,-1.174057823828243,0.1272602525710067,0.23971695875161647,0.16612671658020897,36.567811385195846,33.55577069682823,0.1524,10.404948650719305
123,SandWedge,A,four4,hann,track,positive,29,8,25.452427582642006,29.30099999999999,-3.8485724173579854,-1.4046816279125311,-1.3058485395912993,0.09883308832123183,0.2626263069939116,0.12221243632540979,36.567811385195846,33.55577069682823,0.1524,10.404948650719305
124,SandWedge,A,direct1,hann,track,positive,24,6,23.23919034081039,28.975,-5.735809659189613,-0.953041158248027,-0.8400087639226976,0.11303239432532941,nan,nan,37.64070560676638,33.66567501422932,0.1524,10.404948650719305
124,SandWedge,A,two2,hann,track,positive,24,6,23.25139098802387,28.975,-5.72360901197613,-1.0250967010788015,-0.902556888890417,0.1225398121883845,nan,0.18278446540226367,37.64070560676638,33.66567501422932,0.1524,10.404948650719305
124,SandWedge,A,four3,hann,track,positive,24,6,23.46957492214025,28.975,-5.505425077859751,-1.2634225913004478,-1.1306823882898924,0.13274020301055534,0.2745051079040912,0.14725410190989288,37.64070560676638,33.66567501422932,0.1524,10.404948650719305
124,SandWedge,A,four4,hann,track,positive,24,6,24.899955814979712,28.975,-4.075044185020289,-1.3491540791401102,-1.2603459317498371,0.0888081473902731,0.3426644975742715,0.12726164578261404,37.64070560676638,33.66567501422932,0.1524,10.404948650719305
130,9Iron (relabeled),B,direct1,hann,track,positive,13,4,20.88119026039796,22.888999999999974,-2.0078097396020134,-0.4721024478481995,-0.46407746269343664,0.008024985154762854,nan,nan,45.73211619444419,46.20615528850821,0.5715,6.6
130,9Iron (relabeled),B,two2,hann,track,positive,13,4,21.26229896463499,22.888999999999974,-1.6267010353649844,-0.5034149746238457,-0.49758577770445744,0.005829196919388213,nan,0.22947448418368346,45.73211619444419,46.20615528850821,0.5715,6.6
130,9Iron (relabeled),B,four3,hann,track,positive,13,4,20.75057726279999,22.888999999999974,-2.138422737199985,-0.5599204757084297,-0.5485671988244918,0.011353276883937946,0.20346732856767102,0.289058196311395,45.73211619444419,46.20615528850821,0.5715,6.6
130,9Iron (relabeled),B,four4,hann,track,positive,13,4,19.745453099641495,22.888999999999974,-3.14354690035848,-0.6797332273026724,-0.6558893359101554,0.02384389139251697,0.3470284137368495,0.24879236528806017,45.73211619444419,46.20615528850821,0.5715,6.6
131,9Iron (relabeled),B,direct1,hann,track,positive,19,6,19.578096999176374,20.895000000000007,-1.3169030008236327,-0.48157637831995515,-0.47641632226710356,0.00516005605285158,nan,nan,49.263726340447214,47.40927947969549,0.5715,6.6
131,9Iron (relabeled),B,two2,hann,track,positive,19,6,19.599284788855204,20.895000000000007,-1.2957152111448025,-0.5323562690242002,-0.5248499146758306,0.007506354348369548,nan,0.22274193371841822,49.263726340447214,47.40927947969549,0.5715,6.6
131,9Iron (relabeled),B,four3,hann,track,positive,19,6,19.77561972317558,20.895000000000007,-1.119380276824426,-0.5773326435794721,-0.5731776870308806,0.0041549565485915485,0.2931224728191944,0.16499084155780738,49.263726340447214,47.40927947969549,0.5715,6.6
131,9Iron (relabeled),B,four4,hann,track,positive,19,6,19.770648989454582,20.895000000000007,-1.1243510105454249,-0.7104378658454175,-0.7027339854332428,0.007703880412174624,0.38752116355003063,0.18306149752927678,49.263726340447214,47.40927947969549,0.5715,6.6
132,9Iron (relabeled),B,direct1,hann,track,positive,22,7,16.552716776797666,18.08299999999998,-1.5302832232023142,-0.3837501586620508,-0.37907599892681404,0.004674159735236771,nan,nan,41.440539308162045,41.26240080570217,0.5715,6.6
132,9Iron (relabeled),B,two2,hann,track,positive,22,7,16.632181118118012,18.08299999999998,-1.4508188818819683,-0.4399332223515248,-0.4347076890034964,0.005225533348028444,nan,0.27487086922387205,41.440539308162045,41.26240080570217,0.5715,6.6
132,9Iron (relabeled),B,four3,hann,track,positive,22,7,17.515182397498947,18.08299999999998,-0.5678176025010337,-0.5659768693759689,-0.5640186087556494,0.001958260620319563,0.3250750984607369,0.3321684313770582,41.440539308162045,41.26240080570217,0.5715,6.6
132,9Iron (relabeled),B,four4,hann,track,positive,22,7,17.225352153732,18.08299999999998,-0.8576478462679802,-0.6757507733680469,-0.6750651938776866,0.0006855794903602996,0.42490927978761783,0.32520959188701815,41.440539308162045,41.26240080570217,0.5715,6.6
133,9Iron,B,direct1,hann,track,positive,14,6,19.30507248512035,21.477999999999987,-2.172927514879639,-0.5795294111452812,-0.5594533818201094,0.02007602932517183,nan,nan,47.47556930449632,47.012995679586254,0.5715,6.6
133,9Iron,B,two2,hann,track,positive,14,6,18.90021491174506,21.477999999999987,-2.5777850882549274,-0.6061889965322195,-0.5831747391374633,0.023014257394756155,nan,0.2249138041467465,47.47556930449632,47.012995679586254,0.5715,6.6
133,9Iron,B,four3,hann,track,positive,14,6,18.99380434017373,21.477999999999987,-2.4841956598262556,-0.6471878375408587,-0.6244455090710854,0.02274232846977331,0.24499032953682665,0.2846389520310938,47.47556930449632,47.012995679586254,0.5715,6.6
133,9Iron,B,four4,hann,track,positive,14,6,18.417889245379747,21.477999999999987,-3.06011075462024,-0.7761755895384485,-0.7371993128762359,0.038976276662212594,0.4341657237449177,0.268159001467128,47.47556930449632,47.012995679586254,0.5715,6.6
134,9Iron,B,direct1,hann,track,positive,16,5,10.826628627626084,15.599999999999998,-4.773371372373914,-0.3526458330946728,-0.31780506285209875,0.03484077024257404,nan,nan,48.32494389657299,41.964153774828745,0.5715,6.6
134,9Iron,B,two2,hann,track,positive,16,5,9.167856092274723,15.599999999999998,-6.4321439077252744,-0.3803813040720975,-0.3512198687970425,0.029161435275055048,nan,0.4386735544627299,48.32494389657299,41.964153774828745,0.5715,6.6
134,9Iron,B,four3,hann,track,positive,16,5,12.58427291746117,15.599999999999998,-3.0157270825388274,-0.4405655997878049,-0.4246152406951308,0.015950359092674116,0.4145663510083837,0.354348611819724,48.32494389657299,41.964153774828745,0.5715,6.6
134,9Iron,B,four4,hann,track,positive,16,5,12.263191057573266,15.599999999999998,-3.3368089424267318,-0.45693450083727266,-0.4384493111329239,0.01848518970434876,0.559185443338705,0.352007002174763,48.32494389657299,41.964153774828745,0.5715,6.6
137,9Iron,B,direct1,hann,track,positive,29,8,14.933124208599304,18.307,-3.3738757914006943,-0.6793705312353018,-0.6420354942853022,0.03733503694999962,nan,nan,50.06839700662512,46.118199438797674,0.5715,6.6
137,9Iron,B,two2,hann,track,positive,29,8,15.180846458267878,18.307,-3.126153541732121,-0.7189228947671658,-0.6759015132649715,0.043021381502194256,nan,0.15731893007538375,50.06839700662512,46.118199438797674,0.5715,6.6
137,9Iron,B,four3,hann,track,positive,29,8,15.384014667929156,18.307,-2.9229853320708425,-0.759923166928635,-0.7221114345468087,0.037811732381826335,0.14025765337290066,0.17650337325141868,50.06839700662512,46.118199438797674,0.5715,6.6
137,9Iron,B,four4,hann,track,positive,29,8,15.7421108200555,18.307,-2.5648891799444993,-0.7798227241857825,-0.7461649156162256,0.03365780856955691,0.17807708954859608,0.16894900964029877,50.06839700662512,46.118199438797674,0.5715,6.6
142,9Iron,C,direct1,hann,track,positive,13,5,10.884866805958374,15.446,-4.561133194041625,-0.4722371536489952,-0.44046795761472507,0.03176919603427014,nan,nan,45.553300490849104,40.81541755378828,0.2667,3.8
142,9Iron,C,two2,hann,track,positive,13,5,-5.0,15.446,-20.445999999999998,-0.5745503802092474,-0.4708034857575757,0.10374689445167173,nan,1.3712821751664372,45.553300490849104,40.81541755378828,0.2667,3.8
142,9Iron,C,four3,hann,track,positive,13,5,-3.67010338206324,15.446,-19.11610338206324,-0.6500449934003605,-0.5399105008110006,0.11013449258935992,1.1533803472412694,1.41953095923721,45.553300490849104,40.81541755378828,0.2667,3.8
142,9Iron,C,four4,hann,track,positive,13,5,-3.9262638563641103,15.446,-19.37226385636411,-0.7325542865467619,-0.5678201575556653,0.16473412899109663,1.1393861880491556,1.4114321519090156,45.553300490849104,40.81541755378828,0.2667,3.8
144,9Iron,C,direct1,hann,track,positive,24,7,17.703939011732693,21.873,-4.169060988267308,-0.659090913551526,-0.6113419707040685,0.047748942847457565,nan,nan,47.20734574910368,44.14002359194853,0.2667,3.8
144,9Iron,C,two2,hann,track,positive,24,7,16.05406452776076,21.873,-5.8189354722392395,-0.6930478923367056,-0.6386292473449429,0.054418644991762744,nan,0.17408919565694675,47.20734574910368,44.14002359194853,0.2667,3.8
144,9Iron,C,four3,hann,track,positive,24,7,14.60182284047763,21.873,-7.271177159522372,-0.7760486125910816,-0.7196589426380238,0.05638966995305783,0.26206801677975666,0.20400677731460415,47.20734574910368,44.14002359194853,0.2667,3.8
144,9Iron,C,four4,hann,track,positive,24,7,-1.5660882639918976,21.873,-23.4390882639919,-0.8548494451664104,-0.8237840302582627,0.031065414908147626,0.9740565552610738,0.949235709782015,47.20734574910368,44.14002359194853,0.2667,3.8
145,9Iron,C,direct1,hann,track,positive,22,6,17.577957861730646,21.694999999999986,-4.1170421382693405,-0.698023854628958,-0.6608811360070626,0.03714271862189544,nan,nan,48.727279229661946,46.43059895072574,0.2667,3.8
145,9Iron,C,two2,hann,track,positive,22,6,17.266483957604095,21.694999999999986,-4.428516042395891,-0.7356712327283893,-0.6942633077643166,0.04140792496407275,nan,0.19841496168963885,48.727279229661946,46.43059895072574,0.2667,3.8
145,9Iron,C,four3,hann,track,positive,22,6,17.477840144277085,21.694999999999986,-4.217159855722901,-0.808821814284927,-0.7827163209462428,0.026105493338684282,0.22102573113087776,0.18702546940306009,48.727279229661946,46.43059895072574,0.2667,3.8
145,9Iron,C,four4,hann,track,positive,22,6,18.90240183861386,21.694999999999986,-2.7925981613861275,-0.8685807129624,-0.8504345870169874,0.01814612594541265,0.23097110096569934,0.13433796664603395,48.727279229661946,46.43059895072574,0.2667,3.8
146,9Iron,C,direct1,hann,track,positive,28,7,1.49753422201749,6.429999999999999,-4.932465777982509,-0.767695525939028,-0.6982426157736595,0.06945291016536848,nan,nan,41.88757856714977,41.17516113785682,0.2667,3.8
146,9Iron,C,two2,hann,track,positive,28,7,4.469802810697581,6.429999999999999,-1.9601971893024182,-0.8839896901892825,-0.878559042726288,0.005430647462994487,nan,0.7300275612335059,41.88757856714977,41.17516113785682,0.2667,3.8
146,9Iron,C,four3,hann,track,positive,28,7,4.823925928655053,6.429999999999999,-1.6060740713449455,-0.9180118896857847,-0.9159128137430762,0.002099075942708528,0.7429807171337464,0.7628250740700229,41.88757856714977,41.17516113785682,0.2667,3.8
146,9Iron,C,four4,hann,track,positive,28,7,6.819182047172971,6.429999999999999,0.3891820471729721,-1.0070819940368627,-1.0069833259913135,9.866804554925501e-05,0.7700700605139615,0.5851304379977291,41.88757856714977,41.17516113785682,0.2667,3.8
147,9Iron,C,direct1,hann,track,positive,17,6,18.015749103478388,23.108,-5.0922508965216124,-0.45580024930114726,-0.4184732869581107,0.03732696234303656,nan,nan,48.012016415281586,43.677943081386545,0.2667,3.8
147,9Iron,C,two2,hann,track,positive,17,6,-5.0,23.108,-28.108,-0.4969724013777232,-0.4506612172048181,0.046311184172905084,nan,1.2138744561424732,48.012016415281586,43.677943081386545,0.2667,3.8
147,9Iron,C,four3,hann,track,positive,17,6,-5.0,23.108,-28.108,-0.7121544458694471,-0.5143539103025433,0.1978005355669038,1.1073102568136457,1.2482109833204078,48.012016415281586,43.677943081386545,0.2667,3.8
147,9Iron,C,four4,hann,track,positive,17,6,-5.0,23.108,-28.108,-0.7593500362546522,-0.5809324311894078,0.1784176050652444,1.101568259576726,1.2287513840424613,48.012016415281586,43.677943081386545,0.2667,3.8
149,9Iron,C,direct1,hann,track,positive,18,5,21.570054786817778,23.08599999999999,-1.5159452131822135,-0.7311897846595633,-0.7264962737982965,0.004693510861266792,nan,nan,50.560140191511614,48.528103736906644,0.2667,3.8
149,9Iron,C,two2,hann,track,positive,18,5,21.577024339001603,23.08599999999999,-1.508975660998388,-0.7774344511427551,-0.7723069546519012,0.005127496490853867,nan,0.16401893047560284,50.560140191511614,48.528103736906644,0.2667,3.8
149,9Iron,C,four3,hann,track,positive,18,5,21.714714583626098,23.08599999999999,-1.371285416373894,-0.8407164870065728,-0.8372478485456828,0.003468638460889961,0.21266321402262972,0.20810471892762655,50.560140191511614,48.528103736906644,0.2667,3.8
149,9Iron,C,four4,hann,track,positive,18,5,21.848202725967063,23.08599999999999,-1.2377972740329284,-0.919596749368784,-0.9166988416597729,0.002897907709011105,0.2825922418193485,0.1989993535118866,50.560140191511614,48.528103736906644,0.2667,3.8
151,9Iron,C,direct1,hann,track,positive,24,7,15.859887764291365,19.529000000000003,-3.6691122357086385,-0.6642385255592224,-0.6174786810936812,0.046759844465541156,nan,nan,46.0450436757356,42.896186746426594,0.2667,3.8
151,9Iron,C,two2,hann,track,positive,24,7,14.189016682509507,19.529000000000003,-5.339983317490496,-0.693097232686526,-0.6356840345649329,0.05741319812159307,nan,0.18250059514201644,46.0450436757356,42.896186746426594,0.2667,3.8
151,9Iron,C,four3,hann,track,positive,24,7,12.003767544968623,19.529000000000003,-7.5252324550313805,-0.7993045746999047,-0.749626101747672,0.04967847295223271,0.39430649091753434,0.2517966206577633,46.0450436757356,42.896186746426594,0.2667,3.8
151,9Iron,C,four4,hann,track,positive,24,7,11.392901465616843,19.529000000000003,-8.13609853438316,-0.8536237116897113,-0.8026091839096398,0.05101452778007154,0.39403433852531466,0.24876300063623702,46.0450436757356,42.896186746426594,0.2667,3.8
152,7Iron,C,direct1,hann,track,positive,19,6,17.86752529530161,16.805000000000007,1.0625252953016044,-0.5016755691826448,-0.49873231150345765,0.002943257679187128,nan,nan,52.30359330156374,51.3390514463998,0.2667,3.8
152,7Iron,C,two2,hann,track,positive,19,6,17.362137046848527,16.805000000000007,0.5571370468485206,-0.5387212083455245,-0.5376022752664512,0.001118933079073292,nan,0.1696196113455444,52.30359330156374,51.3390514463998,0.2667,3.8
152,7Iron,C,four3,hann,track,positive,19,6,19.739514167818175,16.805000000000007,2.9345141678181683,-0.6858216977137949,-0.6627782934433933,0.023043404270401524,0.4635099597376511,0.17459914202957758,52.30359330156374,51.3390514463998,0.2667,3.8
152,7Iron,C,four4,hann,track,positive,19,6,19.230627400275907,16.805000000000007,2.4256274002759,-0.7904901863990168,-0.7731297225293882,0.01736046386962864,0.5404885978744521,0.18024969818764727,52.30359330156374,51.3390514463998,0.2667,3.8
167,7Iron,C,direct1,hann,track,positive,12,5,10.446268104906817,17.914999999999985,-7.468731895093168,-0.4615148035028865,-0.3884431843165877,0.07307161918629879,nan,nan,56.863393743238525,54.37043330304314,0.2667,3.8
167,7Iron,C,two2,hann,track,positive,12,5,10.123895795765723,17.914999999999985,-7.791104204234262,-0.5184151261991561,-0.42771793683649173,0.09069718936266435,nan,0.27173693188092557,56.863393743238525,54.37043330304314,0.2667,3.8
167,7Iron,C,four3,hann,track,positive,12,5,13.215807608870433,17.914999999999985,-4.699192391129552,-0.5675287020686244,-0.5433003035550639,0.024228398513560512,0.261909835183015,0.3344091668119652,56.863393743238525,54.37043330304314,0.2667,3.8
167,7Iron,C,four4,hann,track,positive,12,5,13.03888219857953,17.914999999999985,-4.876117801420454,-0.6261732276587306,-0.608822857810741,0.017350369847989655,0.44124291991961573,0.22170226860950504,56.863393743238525,54.37043330304314,0.2667,3.8
168,7Iron,C,direct1,hann,track,positive,17,5,14.942508840614938,20.05000000000001,-5.107491159385074,-0.8011062060387107,-0.7341226121306867,0.066983593908024,nan,nan,54.89642100369254,51.629201616096076,0.2667,3.8
168,7Iron,C,two2,hann,track,positive,17,5,13.82882883540703,20.05000000000001,-6.221171164592981,-0.8331364374677573,-0.7636825487843557,0.06945388868340163,nan,0.18794193058261283,54.89642100369254,51.629201616096076,0.2667,3.8
168,7Iron,C,four3,hann,track,positive,17,5,12.056639475246683,20.05000000000001,-7.993360524753328,-0.8817725706595455,-0.8370254229626435,0.04474714769690202,0.2229375579783802,0.18426477317487056,54.89642100369254,51.629201616096076,0.2667,3.8
168,7Iron,C,four4,hann,track,positive,17,5,9.419125238210265,20.05000000000001,-10.630874761789746,-0.9661093433261021,-0.9079294026708024,0.058179940655299744,0.3451142955302962,0.2724540865270671,54.89642100369254,51.629201616096076,0.2667,3.8
