shot,club,block,model,window,center_source,tdm_residual,speed_source,snapshot_half,max_range_m,n_snapshots,n_frames,launch_angle_deg,trackman_launch_deg,launch_error_deg,best_log_error,truth_log_error,truth_minus_best,median_cross_to_direct,median_double_to_direct,trackman_ball_ms,radar_ball_ms,radar_height_m,tilt_deg
62,9Iron,A,four4,hann,peak,none,ops,first,4.7,12,3,12.827524604640326,16.77799999999999,-3.950475395359666,-1.8003159372596595,-1.7721510477410956,0.028164889518563996,0.41769712499431466,0.15786795781212665,44.569814121076114,43.08422175707952,0.1524,10.404948650719305
63,9Iron,A,four4,hann,peak,none,ops,first,4.7,8,2,5.844938443221492,11.487999999999987,-5.643061556778495,-1.2868833703228635,-1.26247710470471,0.0244062656181534,0.5512415621261062,0.29034145670414846,39.92060582760378,39.69922948327173,0.1524,10.404948650719305
64,9Iron,A,four4,hann,peak,none,ops,first,4.7,11,3,17.295196268185688,20.468999999999983,-3.1738037318142958,-1.6374435422560738,-1.6050096322349472,0.03243391002112661,0.31390262156093396,0.1359329019243347,49.263726340447214,47.26284337702736,0.1524,10.404948650719305
65,9Iron,A,four4,hann,peak,none,ops,first,4.7,12,3,9.64339016007823,17.449000000000005,-7.805609839921775,-1.6939985900763055,-1.6174360767681468,0.07656251330815866,0.5207399216088813,0.210909160687765,49.75546952533371,47.4667803687637,0.1524,10.404948650719305
66,9Iron,A,four4,hann,peak,none,ops,first,4.7,10,3,16.203139805919854,21.533999999999995,-5.330860194080142,-1.4175089247906323,-1.3517419036095333,0.065767021181099,0.30249458292468384,0.12907698428376538,50.023693080726346,48.11344544831894,0.1524,10.404948650719305
67,9Iron,A,four4,hann,peak,none,ops,first,4.7,11,3,11.54315006615361,21.057999999999993,-9.514849933846383,-1.6709974955432247,-1.5412350186854749,0.1297624768577499,0.3929358978314846,0.18682979549410178,48.23553604477545,45.86818820896334,0.1524,10.404948650719305
68,9Iron,A,four4,hann,peak,none,ops,first,4.7,10,3,-3.944776821162231,5.689999999999997,-9.634776821162228,-1.411048763694431,-1.3295312804944388,0.0815174831999923,1.0175078770105461,1.0691626939511876,48.23553604477545,47.56644566975043,0.1524,10.404948650719305
69,9Iron,A,four4,hann,peak,none,ops,first,4.7,9,3,16.442910374818638,21.013999999999996,-4.571089625181358,-1.6590561458872328,-1.6110751806425052,0.047980965244727614,0.256785629662664,0.1930706089191395,52.21418544976619,50.25057192151659,0.1524,10.404948650719305
70,9Iron,A,four4,hann,peak,none,ops,first,4.7,11,3,18.10852942760636,22.12999999999998,-4.021470572393621,-1.3695155387449114,-1.3155646281043725,0.05395091064053892,0.28404723139184285,0.12506139819027648,48.727279229661946,46.809339155828525,0.1524,10.404948650719305
71,9Iron,A,four4,hann,peak,none,ops,first,4.7,9,3,16.882352097572962,21.279999999999987,-4.397647902427025,-1.3143147552028593,-1.2986391476786592,0.015675607524200164,0.3120103870960742,0.16355627628185665,49.442542044042305,47.82772354287831,0.1524,10.404948650719305
72,7Iron,A,four4,hann,peak,none,ops,first,4.7,14,4,5.5407300423679215,1.6789999999999963,3.8617300423679253,-1.7991903646610825,-1.7910635361507057,0.008126828510376827,0.9915415502919196,0.7301903195113277,34.19850331256091,34.01207683687395,0.1524,10.404948650719305
73,7Iron,A,four4,hann,peak,none,ops,first,4.7,10,3,15.752385829609379,18.677999999999987,-2.925614170390608,-1.5041337823604408,-1.4853670498962064,0.018766732464234437,0.31559046446332906,0.11853744845800253,50.470732339714075,48.94787602387909,0.1524,10.404948650719305
74,7Iron,A,four4,hann,peak,none,ops,first,4.7,8,2,11.06720420044507,16.30699999999998,-5.23979579955491,-1.6560096498955281,-1.6221675591843987,0.033842090711129424,0.48484506785967213,0.20096773278105,53.91293463391955,52.245087594089,0.1524,10.404948650719305
75,7Iron,A,four4,hann,peak,none,ops,first,4.7,11,3,13.109164260406903,17.240999999999993,-4.13183573959309,-1.5616618343685482,-1.5404365569870118,0.021225277381536456,0.3735410047273551,0.1776893917988321,52.66122470875392,51.04982513255473,0.1524,10.404948650719305
76,7Iron,A,four4,hann,peak,none,ops,first,4.7,10,3,4.298909027225872,12.092000000000013,-7.793090972774141,-1.4025093340716157,-1.3618017866798127,0.040707547391803045,0.7892085314802558,0.5728532452270846,46.49208293472332,45.36356297306607,0.1524,10.404948650719305
77,7Iron,A,four4,hann,peak,none,ops,first,4.7,9,3,13.88175742550819,13.927999999999987,-0.04624257449179581,-1.664527312619992,-1.6645379459849317,-1.0633364939671708e-05,0.5467366375398081,0.23573043236486618,46.447379008824555,45.31103690428078,0.1524,10.404948650719305
78,7Iron,A,four4,hann,peak,none,ops,first,4.7,10,3,-5.0,6.121999999999985,-11.121999999999986,-1.995482820196079,-1.7941171912322709,0.20136562896380816,0.8787158496955465,0.8395714265470735,30.97982064784929,30.635365440809792,0.1524,10.404948650719305
79,7Iron,A,four4,hann,peak,none,ops,first,4.7,11,3,4.20066237334142,15.657999999999998,-11.457337626658578,-1.6736296032763007,-1.5493550333023054,0.12427456997399533,0.67774861152954,0.3910639358011726,49.75546952533371,47.30214778733609,0.1524,10.404948650719305
80,7Iron,A,four4,hann,peak,none,ops,first,4.7,11,3,4.494331156363841,14.687999999999988,-10.193668843636146,-1.1400995767963373,-1.0916569833322096,0.048442593464127714,0.7635685418384336,0.5243911061149101,47.430865378597545,45.21606063570799,0.1524,10.404948650719305
81,7Iron,A,four4,hann,peak,none,ops,first,4.7,11,3,3.4200634223333393,9.146999999999982,-5.726936577666644,-1.0217619699068845,-1.007988140780632,0.01377382912625258,1.032625719972192,0.8997691051879556,48.727279229661946,47.111467292198604,0.1524,10.404948650719305
82,7Iron,A,four4,hann,peak,none,ops,first,4.7,11,3,15.278546015905128,17.27599999999998,-1.9974539840948502,-1.3409166836360347,-1.3370706521414804,0.003846031494554314,0.589406668254565,0.14090608242713243,48.548463526066854,46.632556508514135,0.1524,10.404948650719305
83,7Iron,A,four4,hann,peak,none,ops,first,4.7,10,3,13.062746238936006,18.87599999999999,-5.813253761063985,-1.3149866543737176,-1.2628483967733592,0.052138257600358395,0.4751879599143972,0.1775132407501037,50.06839700662512,48.107925317263614,0.1524,10.404948650719305
84,7Iron,A,four4,hann,peak,none,ops,first,4.7,6,2,17.852718287522684,16.949999999999992,0.902718287522692,-1.3529854431415211,-1.3517899016192538,0.0011955415222673071,0.35715997700343133,0.1354790484412498,54.53878959650236,52.80983073560512,0.1524,10.404948650719305
86,5Iron,A,four4,hann,peak,none,ops,first,4.7,10,3,6.027426929651294,14.677,-8.649573070348705,-1.4548953902867714,-1.4012492635673495,0.05364612671942193,0.6895696652550638,0.352075154304234,50.023693080726346,47.53024373748418,0.1524,10.404948650719305
87,5Iron,A,four4,hann,peak,none,ops,first,4.7,10,3,11.07508135282383,15.406999999999991,-4.3319186471761615,-1.6209518978227553,-1.5997593057383483,0.021192592084406936,0.49476552254352346,0.11862758245892638,52.84004041234901,51.122749823040635,0.1524,10.404948650719305
88,5Iron,A,four4,hann,peak,none,ops,first,4.7,12,3,-5.0,0.5110000000000001,-5.511,-1.4306439400956268,-1.3991604346582944,0.03148350543733236,1.0141826438510204,1.0037367650170113,44.07807093618961,43.00582860650462,0.1524,10.404948650719305
90,5Iron,A,four4,hann,peak,none,ops,first,4.7,8,2,4.896812718048951,12.959999999999992,-8.063187281951041,-1.3868097924040983,-1.3631737618128592,0.023636030591239088,0.7535891469139127,0.4440033662144923,54.04704641161587,50.56141437408992,0.1524,10.404948650719305
91,5Iron,A,four4,hann,peak,none,ops,first,4.7,11,3,7.145749587513078,9.892999999999994,-2.747250412486916,-1.1147346107851746,-1.1098152873800828,0.004919323405091713,0.8797843089992405,0.5126283294422764,47.20734574910368,46.19584787565755,0.1524,10.404948650719305
92,5Iron,A,four4,hann,peak,none,ops,first,4.7,9,3,4.670608948568292,10.917999999999983,-6.247391051431691,-1.6211214719404883,-1.589437583079567,0.03168388886092122,0.792409035949147,0.716443334853695,48.10142426707913,46.135109857309985,0.1524,10.404948650719305
93,5Iron,A,four4,hann,peak,none,ops,first,4.7,10,3,-4.329249334948214,1.5239999999999743,-5.853249334948188,-2.2418565409272584,-2.1551222584142815,0.08673428251297688,0.994800403226485,1.0055265199281092,38.89241553193201,38.26469086258259,0.1524,10.404948650719305
94,5Iron,A,four4,hann,peak,none,ops,first,4.7,10,3,8.786946056593097,13.115999999999982,-4.329053943406885,-1.7879142850607364,-1.7560612643549323,0.03185302070580409,0.6488823127393719,0.397482354560187,57.93628796480906,56.37819553311256,0.1524,10.404948650719305
95,5Iron,A,four4,hann,peak,none,ops,first,4.7,12,3,8.176837106864928,14.271999999999982,-6.095162893135054,-1.574173074859741,-1.546970865950047,0.027202208909693937,0.7078241013121184,0.3991836942012206,51.2306990799932,48.76380628406203,0.1524,10.404948650719305
96,5Iron,A,four4,hann,peak,none,ops,first,4.7,8,2,6.671565803082833,14.196999999999997,-7.525434196917164,-1.6152099791779482,-1.5514604512531456,0.0637495279248026,0.6388420497240325,0.26624510494523956,57.93628796480906,56.177827827840886,0.1524,10.404948650719305
97,5Iron,A,four4,hann,peak,none,ops,first,4.7,8,2,8.540802329148297,14.368000000000002,-5.827197670851705,-1.6569036514481228,-1.6176066692919973,0.03929698215612554,0.5559507927982368,0.1639937322299767,56.95280159503608,55.24302226726476,0.1524,10.404948650719305
98,5Iron,A,four4,hann,peak,none,ops,first,4.7,8,2,10.87364402050791,14.74200000000001,-3.868355979492099,-1.6178368317927616,-1.6068849514890062,0.010951880303755379,0.5045526086894524,0.17057307121993665,59.05388611227838,57.17589581846707,0.1524,10.404948650719305
99,5Iron,A,four4,hann,peak,none,ops,first,4.7,9,3,9.376286221949261,14.71499999999999,-5.338713778050728,-1.6019949790373664,-1.5733672135358434,0.028627765501523017,0.5301181211363165,0.1888971991289687,58.47273507559434,56.6371797113006,0.1524,10.404948650719305
101,5Iron,A,four4,hann,peak,none,ops,first,4.7,8,2,8.968718243605936,14.392000000000003,-5.423281756394067,-1.5594305163596855,-1.5311889313084066,0.02824158505127894,0.669486816870791,0.31516740514817576,57.08691337273239,55.92534376491948,0.1524,10.404948650719305
103,Driver,A,four4,hann,peak,none,ops,first,4.7,6,2,8.873738662927805,10.004000000000007,-1.130261337072202,-2.0229484956035044,-2.0203227473386836,0.0026257482648208708,0.2550579668900662,0.12340670110215121,66.20651425608196,65.04050420858877,0.1524,10.404948650719305
104,Driver,A,four4,hann,peak,none,ops,first,4.7,11,3,14.940717510129478,17.990000000000002,-3.0492824898705244,-1.4297034358619307,-1.413188689084391,0.016514746777539724,0.3163346776193162,0.12933159753247706,61.557305962609625,58.72067316160003,0.1524,10.404948650719305
105,Driver,A,four4,hann,peak,none,ops,first,4.7,10,3,4.77327909641046,5.857999999999973,-1.0847209035895133,-1.862037711636486,-1.8605696145444277,0.001468097092058196,0.5746597403015854,0.27287585566028283,64.32894936833353,62.482001443068725,0.1524,10.404948650719305
112,Driver,A,four4,hann,peak,none,ops,first,4.7,6,2,10.59675435035972,10.008999999999974,0.5877543503597469,-1.3106416303915285,-1.3104973012894365,0.0001443291020919446,0.4652397071272986,0.21700479178468818,68.57582232871691,66.71210258129634,0.1524,10.404948650719305
113,Driver,A,four4,hann,peak,none,ops,first,4.7,8,2,6.9138412732421255,13.960999999999997,-7.047158726757871,-2.1514475043143535,-2.076112946187553,0.07533455812680057,0.41308666416091794,0.15375477456711154,65.53595536760038,63.52557867311998,0.1524,10.404948650719305
114,Driver,A,four4,hann,peak,none,ops,first,4.7,9,3,14.775192401577913,14.620999999999993,0.15419240157791947,-1.5904762947944657,-1.5905110339304531,-3.4739135987393865e-05,0.3578431485272566,0.15080660269374674,68.754638032312,66.41769366658134,0.1524,10.404948650719305
115,SandWedge,A,four4,hann,peak,none,ops,first,4.7,14,4,27.281253537153468,31.661999999999985,-4.380746462846517,-1.4335418632831298,-1.3251771152807084,0.10836474800242146,0.3417870814787094,0.10767390242018335,31.33745205503947,28.836434147209175,0.1524,10.404948650719305
116,SandWedge,A,four4,hann,peak,none,ops,first,4.7,10,3,8.320321557998673,29.217000000000002,-20.89667844200133,-1.3430626317971945,-1.1579427093572916,0.18511992243990294,0.5233221739407006,0.39458298582032625,29.728110722683663,30.553232406976534,0.1524,10.404948650719305
117,SandWedge,A,four4,hann,peak,none,ops,first,4.7,10,3,25.18735268572307,30.729999999999986,-5.542647314276916,-1.6261283215131972,-1.464782335668703,0.1613459858444941,0.22204514995798655,0.10446297596340695,33.79616797947195,31.204397850742673,0.1524,10.404948650719305
118,SandWedge,A,four4,hann,peak,none,ops,first,4.7,14,4,25.96449230832031,33.168000000000006,-7.203507691679697,-1.3370677828223554,-1.0134650337420148,0.3236027490803406,0.31063071209057014,0.12137480631199778,32.544458054306325,27.391119567093856,0.1524,10.404948650719305
119,SandWedge,A,four4,hann,peak,none,ops,first,4.7,12,3,20.434402843802726,26.353999999999992,-5.919597156197266,-1.4852825678771824,-1.3999398133687795,0.0853427545084029,0.4581702936327228,0.18798303180029136,33.125609090990366,31.457996680962957,0.1524,10.404948650719305
120,SandWedge,A,four4,hann,peak,none,ops,first,4.7,14,4,22.493640301311547,27.744999999999997,-5.25135969868845,-1.592487003476066,-1.4456406949978873,0.1468463084781788,0.36052497803152694,0.08746976515804944,31.113932425545606,29.06312767179844,0.1524,10.404948650719305
121,SandWedge,A,four4,hann,peak,none,ops,first,4.7,12,3,20.271161815357953,24.805000000000007,-4.533838184642054,-1.4158927739308467,-1.3362725874057124,0.07962018652513425,0.3182388737391827,0.13212070062014059,30.890412796051745,29.415892449724353,0.1524,10.404948650719305
122,SandWedge,A,four4,hann,peak,none,ops,first,4.7,12,3,24.782313342731793,31.036999999999985,-6.254686657268191,-1.6695840718949742,-1.4534258822883368,0.21615818960663735,0.38279582420694214,0.11832313852034665,31.069228499646837,27.266565734039325,0.1524,10.404948650719305
123,SandWedge,A,four4,hann,peak,none,ops,first,4.7,14,4,22.425302325067396,29.30099999999999,-6.875697674932596,-1.6108945617313466,-1.3717895597930025,0.23910500193834405,0.30155200886958317,0.12542332863423422,36.567811385195846,33.55577069682823,0.1524,10.404948650719305
124,SandWedge,A,four4,hann,peak,none,ops,first,4.7,12,3,22.07845334340568,28.975,-6.896546656594321,-1.5274362277771008,-1.3780291109305087,0.14940711684659203,0.4329844740006096,0.1312812285924737,37.64070560676638,33.66567501422932,0.1524,10.404948650719305
130,9Iron (relabeled),B,four4,hann,peak,none,ops,first,4.7,6,2,28.719544243583627,22.888999999999974,5.8305442435836525,-0.8246235188346798,-0.800912289714248,0.023711229120431776,0.5061514395797043,0.18209958521202563,45.73211619444419,46.20615528850821,0.5715,6.6
131,9Iron (relabeled),B,four4,hann,peak,none,ops,first,4.7,9,3,5.7521961504019945,20.895000000000007,-15.142803849598012,-0.580559603087663,-0.5211605872250284,0.05939901586263452,0.9061370577449583,0.6344799267282034,49.263726340447214,47.40927947969549,0.5715,6.6
132,9Iron (relabeled),B,four4,hann,peak,none,ops,first,4.7,11,4,17.196440131796656,18.08299999999998,-0.8865598682033244,-0.6988362243143221,-0.6979944793569957,0.0008417449573264735,0.8597871440697196,0.4030221317448615,41.440539308162045,41.26240080570217,0.5715,6.6
133,9Iron,B,four4,hann,peak,none,ops,first,4.7,7,2,6.237641998969899,21.477999999999987,-15.240358001030089,-0.7014544249647077,-0.6333920835649656,0.0680623413997421,1.8294725909886975,0.5114294050652155,47.47556930449632,47.012995679586254,0.5715,6.6
134,9Iron,B,four4,hann,peak,none,ops,first,4.7,8,2,45.0,15.599999999999998,29.400000000000002,-0.365704904030712,-0.2822662184704517,0.0834386855602603,0.2742888360578201,0.24491566858470448,48.32494389657299,41.964153774828745,0.5715,6.6
137,9Iron,B,four4,hann,peak,none,ops,first,4.7,14,4,15.962952539192937,18.307,-2.3440474608070616,-0.7563037770816956,-0.7448792418796886,0.011424535202007036,0.5242467391650214,0.3709511880082974,50.06839700662512,46.118199438797674,0.5715,6.6
142,9Iron,C,four4,hann,peak,none,ops,first,4.7,6,2,-5.0,15.446,-20.445999999999998,-0.6031365231400112,-0.4314676902196664,0.1716688329203448,1.0360890868171635,1.0463650822973418,45.553300490849104,40.81541755378828,0.2667,3.8
144,9Iron,C,four4,hann,peak,none,ops,first,4.7,12,3,14.536222267498076,21.873,-7.336777732501925,-0.9834804436449133,-0.9480069093101955,0.03547353433471778,0.3492361773820226,0.25330639261385873,47.20734574910368,44.14002359194853,0.2667,3.8
145,9Iron,C,four4,hann,peak,none,ops,first,4.7,11,3,15.84058787115305,21.694999999999986,-5.854412128846937,-0.7938908523807465,-0.7790372698451103,0.014853582535636178,0.31567128560090174,0.28857070377090777,48.727279229661946,46.43059895072574,0.2667,3.8
146,9Iron,C,four4,hann,peak,none,ops,first,4.7,14,4,-1.8380771394498285,6.429999999999999,-8.268077139449828,-1.080467760542939,-1.0448754256511794,0.0355923348917595,1.002807391827003,0.9988203649387086,41.88757856714977,41.17516113785682,0.2667,3.8
147,9Iron,C,four4,hann,peak,none,ops,first,4.7,8,2,10.21553735800826,23.108,-12.89246264199174,-0.6522833798298858,-0.6171624403463754,0.03512093948351047,0.7728214541810703,0.6246015629303832,48.012016415281586,43.677943081386545,0.2667,3.8
149,9Iron,C,four4,hann,peak,none,ops,first,4.7,9,3,20.512860947222627,23.08599999999999,-2.573139052777364,-0.9947081148651025,-0.9875758860979577,0.00713222876714481,0.5584496175388447,0.24776629251628157,50.560140191511614,48.528103736906644,0.2667,3.8
151,9Iron,C,four4,hann,peak,none,ops,first,4.7,12,3,14.864110036392415,19.529000000000003,-4.664889963607589,-0.8823941561447392,-0.8651396690664056,0.017254487078333547,0.45823924906380753,0.4508935275585737,46.0450436757356,42.896186746426594,0.2667,3.8
152,7Iron,C,four4,hann,peak,none,ops,first,4.7,9,3,16.905018111052065,16.805000000000007,0.1000181110520586,-0.836743179231263,-0.836754730735338,-1.1551504075058006e-05,0.2840035858754502,0.1998314052662636,52.30359330156374,51.3390514463998,0.2667,3.8
167,7Iron,C,four4,hann,peak,none,ops,first,4.7,6,2,11.351731923466502,17.914999999999985,-6.5632680765334825,-0.5918384147294267,-0.5855709048289268,0.006267509900499846,0.7265896712769553,0.8113714250320374,56.863393743238525,54.37043330304314,0.2667,3.8
168,7Iron,C,four4,hann,peak,none,ops,first,4.7,8,2,15.335053533321995,20.05000000000001,-4.7149464666780165,-0.8181162895785007,-0.8108506727430507,0.007265616835450017,0.6206748650556267,0.6118048659851956,54.89642100369254,51.629201616096076,0.2667,3.8
