shot,club,stage,mode,n_snapshots,launch_angle_deg,trackman_launch_deg,launch_error_deg,sampled_truth_angle_deg,model_bias_deg,height_error_cm,truth_direct_deg,direct_image_sep_deg,truth_explained,best_explained,truth_corrupt_zone_pct,bartlett_gate_pct
62,9Iron,first3,local,31,8.151358888064319,16.77799999999999,-8.626641111935673,16.50280601038162,-8.3514471223173,-14.944771471460042,-6.591544489621358,14.475968811906581,0.8223392489387618,0.8738078109920561,0.0,0.0
62,9Iron,first3,truth,32,8.497826471045967,16.77799999999999,-8.280173528954025,16.502501053006764,-8.004674581960797,-13.526966277988706,-6.601533700156911,14.461414204299075,0.8274797414991617,0.8587983684526483,0.0,3.125
62,9Iron,middle3,local,40,9.088133545368063,16.77799999999999,-7.689866454631929,16.45402558392262,-7.365892038554556,-14.913360940879784,-5.515279361088897,16.042467244312768,0.8319565032474202,0.8898251813556051,0.0,0.0
62,9Iron,middle3,truth,40,9.63087061287875,16.77799999999999,-7.147129387121241,16.45392476428826,-6.82305415140951,-13.913360940879782,-5.515279361088897,16.042467244312768,0.8323255655208567,0.8879673789115994,0.0,0.0
62,9Iron,last3,local,31,10.776161883959448,16.77799999999999,-6.001838116040544,16.400937228200128,-5.62477534424068,-14.881950410299522,-4.558030616086066,17.432662626482617,0.8469518595902629,0.8973786461744159,0.0,0.0
62,9Iron,last3,truth,31,11.34352897866817,16.77799999999999,-5.434471021331822,16.400922081773672,-5.057393103105502,-13.88195041029952,-4.558030616086066,17.432662626482617,0.8505752456159316,0.8938014030727085,0.0,3.225806451612903
63,9Iron,first3,local,36,6.078647221051638,11.487999999999987,-5.4093527789483495,11.09080288316205,-5.012155662110413,-10.528749307989191,-8.750933098232462,10.20065928088631,0.8031227146994002,0.8099894005466557,0.0,2.7777777777777777
63,9Iron,first3,truth,35,5.706967227564414,11.487999999999987,-5.781032772435573,11.09007613811466,-5.383108910550247,-11.60233091278041,-8.744270520198224,10.209027052060387,0.8070564620736542,0.8120732404465622,0.0,0.0
63,9Iron,middle3,local,34,5.232420875918252,11.487999999999987,-6.255579124081735,11.062496834077395,-5.830075958159143,-11.500270804989771,-8.044637946875081,11.085406116544949,0.8071126626839762,0.8282560366020176,0.0,2.941176470588235
63,9Iron,middle3,truth,34,4.968229461958074,11.487999999999987,-6.5197705380419135,11.063058069847656,-6.094828607889583,-12.184920927813604,-8.044637946875081,11.085406116544949,0.8123270218961556,0.8336405592246504,0.0,0.0
63,9Iron,last3,local,34,5.232420875918252,11.487999999999987,-6.255579124081735,11.062496834077395,-5.830075958159143,-11.500270804989771,-8.044637946875081,11.085406116544949,0.8071126626839762,0.8282560366020176,0.0,2.941176470588235
63,9Iron,last3,truth,34,4.968229461958074,11.487999999999987,-6.5197705380419135,11.063058069847656,-6.094828607889583,-12.184920927813604,-8.044637946875081,11.085406116544949,0.8123270218961556,0.8336405592246504,0.0,0.0
64,9Iron,first3,local,40,9.811299334037441,20.468999999999983,-10.657700665962542,20.070548836928307,-10.259249502890865,-19.397526929211086,-4.740638600673093,17.97898599769902,0.7774921700420047,0.8816897513341659,0.0,0.0
64,9Iron,first3,truth,39,10.309603001743735,20.468999999999983,-10.159396998256248,20.071119702582358,-9.761516700838623,-18.957351108348853,-4.752967325926419,17.960022965131532,0.7817138165753552,0.8823756453542781,0.0,0.0
64,9Iron,middle3,local,35,11.906108355409048,20.468999999999983,-8.562891644590936,19.96644512387551,-8.060336768466462,-19.837702750073323,-3.2583895355972303,20.257092596190716,0.7788089057290032,0.8838935404448371,28.57142857142857,2.857142857142857
64,9Iron,middle3,truth,34,12.778550071100891,20.468999999999983,-7.690449928899092,19.966320302093,-7.187770230992108,-18.450327592659722,-3.278199788119709,20.22666922939736,0.7995827487660805,0.8833841210092748,29.411764705882355,2.941176470588235
64,9Iron,last3,local,27,13.44867896588558,20.468999999999983,-7.020321034114403,19.89181484737752,-6.443135881491941,-19.83067338287507,-2.148044206724944,21.96115914537269,0.783310194820775,0.890416453990126,55.55555555555556,11.11111111111111
64,9Iron,last3,truth,26,14.413449440357658,20.468999999999983,-6.055550559642326,19.891646520383055,-5.478197080025398,-17.584759035849416,-2.1398487421573025,21.97372823866837,0.8071749762065658,0.892304467792653,57.692307692307686,11.538461538461538
65,9Iron,first3,local,27,11.106649019490655,17.449000000000005,-6.34235098050935,17.19978462540561,-6.093135605914954,-12.991870314146498,-6.727182441879005,14.417407020406829,0.802327725805819,0.8724035985488272,0.0,0.0
65,9Iron,first3,truth,28,12.260236853231612,17.449000000000005,-5.188763146768393,17.199327822967913,-4.9390909697363,-10.49335345469636,-6.715073830674809,14.43527581382251,0.8135581580632797,0.8492188281633701,0.0,0.0
65,9Iron,middle3,local,40,14.633047222714934,17.449000000000005,-2.815952777285071,17.059457170866825,-2.426409948151891,-7.746678359334597,-4.172185524583625,18.180171816117117,0.856736004961985,0.9072692459738241,0.0,2.5
65,9Iron,middle3,truth,41,15.477104427217693,17.449000000000005,-1.9718955727823122,17.060016514511442,-1.5829120872937494,-5.428834416011075,-4.180039344477742,18.168631797749356,0.8712971825728374,0.9055477195180934,0.0,7.317073170731707
65,9Iron,last3,local,33,15.107900405842873,17.449000000000005,-2.341099594157132,17.019470799665573,-1.9115703938227,-7.428834416011076,-3.3187829271137606,19.43295612751365,0.8581585904037807,0.9049885378996435,9.090909090909092,6.0606060606060606
65,9Iron,last3,truth,33,15.804630729191743,17.449000000000005,-1.6443692708082622,17.01955439070842,-1.2149236615166785,-5.428834416011075,-3.3187829271137606,19.43295612751365,0.8712971825728374,0.8993316192206966,9.090909090909092,15.151515151515152
66,9Iron,first3,local,35,15.681697036979353,21.533999999999995,-5.852302963020643,21.05008057214765,-5.368383535168297,-7.504890501029876,-4.198731675849637,19.004707921278357,0.7986260878219245,0.8517333016267148,2.857142857142857,5.714285714285714
66,9Iron,first3,truth,35,15.877176858792627,21.533999999999995,-5.656823141207369,21.049302079953502,-5.172125221160876,-6.819082009138172,-4.198731675849637,19.004707921278357,0.8027850064650739,0.8499195172573176,2.857142857142857,5.714285714285714
66,9Iron,middle3,local,30,14.210384284428875,21.533999999999995,-7.323615715571121,20.93771728718843,-6.727333002759556,-14.253374379550488,-2.670186482510048,21.381779712247475,0.7660794870713049,0.8519938351301479,30.0,6.666666666666667
66,9Iron,middle3,truth,30,14.82059338571847,21.533999999999995,-6.713406614281526,20.938355341707815,-6.117761955989346,-13.433060001483982,-2.670186482510048,21.381779712247475,0.7796271983309588,0.8514962748596211,30.0,6.666666666666667
66,9Iron,last3,local,24,15.970097704917505,21.533999999999995,-5.563902295082491,20.822709485821584,-4.852611780904079,-12.217137582940829,-1.4743275382553191,23.239122799172804,0.7767828478752559,0.8428475252597559,58.333333333333336,25.0
66,9Iron,last3,truth,24,16.85952374877432,21.533999999999995,-4.674476251225677,20.822347116036422,-3.9628233672621036,-10.011872234576272,-1.4743275382553191,23.239122799172804,0.7944177395041502,0.8444996009818073,58.333333333333336,25.0
67,9Iron,first3,local,38,11.45734837613912,21.057999999999993,-9.600651623860873,20.686908148010886,-9.229559771871767,-12.889769774318353,-5.400118710895738,17.061735866624957,0.7864974522133115,0.8791497661059775,0.0,2.631578947368421
67,9Iron,first3,truth,39,13.715101054425634,21.057999999999993,-7.342898945574358,20.681345618338387,-6.966244563912753,-10.01732832219481,-5.413948928557985,17.040302095982813,0.8071650939264315,0.8795611207318281,0.0,12.82051282051282
67,9Iron,middle3,local,37,13.73597908159427,21.057999999999993,-7.322020918405723,20.587138489850954,-6.8511594082566845,-15.191771823746139,-3.787029287138885,19.559637989153238,0.7820059129833868,0.9028687272079082,18.91891891891892,2.7027027027027026
67,9Iron,middle3,truth,37,15.50866260111908,21.057999999999993,-5.549337398880914,20.585423457349663,-5.0767608562305835,-8.886073235066371,-3.787029287138885,19.559637989153238,0.8071650939264315,0.8905286642495351,18.91891891891892,16.216216216216218
67,9Iron,last3,local,26,18.11326685172315,21.057999999999993,-2.9447331482768426,20.43225247710853,-2.3189856253853804,-4.850248374480029,-2.535837613785165,21.49430681451977,0.8366758433578316,0.8736644844488504,46.15384615384615,23.076923076923077
67,9Iron,last3,truth,26,19.158596688515924,21.057999999999993,-1.8994033114840683,20.434443958405176,-1.2758472698892511,-1.9260766867588042,-2.535837613785165,21.49430681451977,0.8498469416170067,0.8749762104691128,46.15384615384615,42.30769230769231
68,9Iron,first3,local,33,0.1192918542043462,5.689999999999997,-5.570708145795651,5.5235034011568125,-5.4042115469524665,-11.968377384911548,-10.799223808108392,6.027002419111333,0.8761162046999968,0.8765907361365279,0.0,0.0
68,9Iron,first3,truth,33,0.170342724775575,5.689999999999997,-5.5196572752244215,5.52329664466543,-5.352953919889854,-11.92730584429663,-10.799223808108392,6.027002419111333,0.8762646803667556,0.876743226555722,0.0,0.0
68,9Iron,middle3,local,33,0.2537377304682034,5.689999999999997,-5.4362622695317935,5.459675995443475,-5.205938264975272,-16.40039793927968,-10.111490602963363,6.588494414514271,0.8362428353655859,0.8427504394999247,0.0,0.0
68,9Iron,middle3,truth,33,0.307819238518435,5.689999999999997,-5.382180761481562,5.459633079527777,-5.151813841009343,-17.245532507796533,-10.111490602963363,6.588494414514271,0.8347679454992456,0.8419752839588155,0.0,0.0
68,9Iron,last3,local,35,0.5455481913512977,5.689999999999997,-5.144451808648699,5.4330835569272,-4.887535365575903,-17.644417541488878,-9.693699114979387,6.922217407779179,0.8687579109912807,0.8742821883179551,0.0,0.0
68,9Iron,last3,truth,35,0.575524785605896,5.689999999999997,-5.114475214394101,5.433355444488774,-4.857830658882879,-17.644417541488878,-9.693699114979387,6.922217407779179,0.8668930023643372,0.8752067620942047,0.0,0.0
69,9Iron,first3,local,41,15.52723155254835,21.013999999999996,-5.486768447451645,20.622334843166584,-5.095103290618233,-13.360826307102933,-4.663018252708681,18.202344960823492,0.8216899155945855,0.9152512767622716,0.0,14.634146341463413
69,9Iron,first3,truth,41,15.796074310600433,21.013999999999996,-5.2179256893995625,20.6218791452787,-4.825804834678268,-13.192105475718124,-4.663018252708681,18.202344960823492,0.8165612008395624,0.9141579239267312,0.0,14.634146341463413
69,9Iron,middle3,local,32,17.094589498931747,21.013999999999996,-3.919410501068249,20.56187318335009,-3.4672836844183443,-9.876810738368766,-3.7940811884726626,19.547131966650326,0.8338512332016648,0.9114836249976606,15.625,28.125
69,9Iron,middle3,truth,32,17.453844257953634,21.013999999999996,-3.560155742046362,20.561443335624386,-3.107599077670752,-9.35570113014785,-3.7940811884726626,19.547131966650326,0.8391008434302301,0.9108335659727198,15.625,28.125
69,9Iron,last3,local,32,17.094589498931747,21.013999999999996,-3.919410501068249,20.56187318335009,-3.4672836844183443,-9.876810738368766,-3.7940811884726626,19.547131966650326,0.8338512332016648,0.9114836249976606,15.625,28.125
69,9Iron,last3,truth,32,17.453844257953634,21.013999999999996,-3.560155742046362,20.561443335624386,-3.107599077670752,-9.35570113014785,-3.7940811884726626,19.547131966650326,0.8391008434302301,0.9108335659727198,15.625,28.125
70,9Iron,first3,local,39,17.606328641241713,22.12999999999998,-4.523671358758268,21.63731802974961,-4.030989388507898,-4.6088347806958865,-3.9363932641854196,19.528313892342922,0.8223869513350995,0.872312440206519,25.64102564102564,10.256410256410255
70,9Iron,first3,truth,39,17.615213933933212,22.12999999999998,-4.514786066066769,21.637433772460533,-4.02221983852732,-5.113136683071834,-3.9363932641854196,19.528313892342922,0.8188459259625831,0.87232829027775,25.64102564102564,10.256410256410255
70,9Iron,middle3,local,31,17.32465423980715,22.12999999999998,-4.805345760192832,21.540684937083505,-4.216030697276356,-9.321959248662342,-2.43766776636388,21.874164671275462,0.8305213872832722,0.872312440206519,54.83870967741935,12.903225806451612
70,9Iron,middle3,truth,31,17.669116509929285,22.12999999999998,-4.460883490070696,21.54108548943972,-3.8719689795104344,-8.321959248662347,-2.43766776636388,21.874164671275462,0.8326775340901325,0.87232829027775,54.83870967741935,16.129032258064516
70,9Iron,last3,local,23,16.771266397114495,22.12999999999998,-5.358733602885486,21.426389014758175,-4.655122617643681,-11.708634387463485,-1.2301245348267102,23.761854973002876,0.8305247945395094,0.8758486452911814,95.65217391304348,26.08695652173913
70,9Iron,last3,truth,23,17.401926889725573,22.12999999999998,-4.7280731102744085,21.426383759959823,-4.02445687023425,-10.708634387463484,-1.2301245348267102,23.761854973002876,0.8394588559618513,0.8770836002239659,95.65217391304348,30.434782608695656
71,9Iron,first3,local,36,18.449600289842298,21.279999999999987,-2.830399710157689,20.786785437432655,-2.3371851475903576,-0.9717309874458929,-4.283375690757094,18.82715335135604,0.8064396553406113,0.8436664637857575,0.0,16.666666666666664
71,9Iron,first3,truth,36,18.30379192691614,21.279999999999987,-2.9762080730838463,20.786763656148512,-2.4829717292323714,-1.6634148900714851,-4.283375690757094,18.82715335135604,0.8090247810350846,0.8438132981362929,0.0,16.666666666666664
71,9Iron,middle3,local,27,17.931160630994803,21.279999999999987,-3.3488393690051836,20.7117840053154,-2.780623374320598,-5.857381634217202,-2.8138899731946174,21.105870792254514,0.821468526630031,0.8883351018915117,18.51851851851852,25.925925925925924
71,9Iron,middle3,truth,27,18.001427247197626,21.279999999999987,-3.2785727528023614,20.71154025621932,-2.7101130090216934,-5.464696174490169,-2.8138899731946174,21.105870792254514,0.8156022282600174,0.8882372663553394,18.51851851851852,29.629629629629626
71,9Iron,last3,local,27,17.931160630994803,21.279999999999987,-3.3488393690051836,20.7117840053154,-2.780623374320598,-5.857381634217202,-2.8138899731946174,21.105870792254514,0.821468526630031,0.8883351018915117,18.51851851851852,25.925925925925924
71,9Iron,last3,truth,27,18.001427247197626,21.279999999999987,-3.2785727528023614,20.71154025621932,-2.7101130090216934,-5.464696174490169,-2.8138899731946174,21.105870792254514,0.8156022282600174,0.8882372663553394,18.51851851851852,29.629629629629626
72,7Iron,first3,local,47,0.2463811789462016,1.6789999999999963,-1.4326188210537947,1.4098655476532944,-1.1634843687070928,-5.635280770134519,-12.498757402693412,2.8850940910706844,0.8370658572850947,0.8383367191404528,0.0,0.0
72,7Iron,first3,truth,47,0.09782126213660586,1.6789999999999963,-1.5811787378633904,1.410110317898029,-1.312289055761423,-5.665311797630081,-12.498757402693412,2.8850940910706844,0.8409345362331322,0.8416638478988685,0.0,0.0
72,7Iron,middle3,local,28,-0.36448608027143176,1.6789999999999963,-2.043486080271428,1.2768767184008512,-1.641362798672283,-7.647311969744372,-12.230464629211768,2.8406022027836326,0.8472614779882482,0.8488438666819094,0.0,0.0
72,7Iron,middle3,truth,28,-0.39044764413628763,1.6789999999999963,-2.069447644136284,1.2773652143820302,-1.6678128585183178,-7.632266391844941,-12.230464629211768,2.8406022027836326,0.8494118889324871,0.8510213393839734,0.0,0.0
72,7Iron,last3,local,22,-0.7944930653742713,1.6789999999999963,-2.4734930653742677,1.1745892523453052,-1.9690823177195766,-9.006386843218692,-11.58605569550038,2.61369217856513,0.8367155623229853,0.8384582515746619,0.0,0.0
72,7Iron,last3,truth,22,-0.7728150028200222,1.6789999999999963,-2.4518150028200187,1.1747263421554295,-1.9475413449754517,-9.000383400552002,-11.58605569550038,2.61369217856513,0.8378560543359417,0.8396257362817976,0.0,0.0
73,7Iron,first3,local,37,11.724824260971731,18.677999999999987,-6.953175739028255,18.302141678678513,-6.577317417706782,-10.463965863427577,-5.301945783392352,16.770675403450685,0.7963307502474279,0.8775186080006644,0.0,0.0
73,7Iron,first3,truth,37,12.219259913891051,18.677999999999987,-6.458740086108936,18.301908394709102,-6.082648480818051,-10.180311940474828,-5.301945783392352,16.770675403450685,0.798637735804944,0.8784024441637618,0.0,0.0
73,7Iron,middle3,local,31,13.277105146010634,18.677999999999987,-5.400894853989353,18.24432219520758,-4.967217049196947,-10.463965863427577,-4.030722533529413,18.67808031268587,0.8237972087416088,0.9020996151329186,0.0,3.225806451612903
73,7Iron,middle3,truth,31,13.746093742885323,18.677999999999987,-4.9319062571146635,18.244562112900425,-4.498468370015102,-9.463965863427582,-4.030722533529413,18.67808031268587,0.8308354873098511,0.9021356793659646,0.0,3.225806451612903
73,7Iron,last3,local,31,13.277105146010634,18.677999999999987,-5.400894853989353,18.24432219520758,-4.967217049196947,-10.463965863427577,-4.030722533529413,18.67808031268587,0.8237972087416088,0.9020996151329186,0.0,3.225806451612903
73,7Iron,last3,truth,31,13.746093742885323,18.677999999999987,-4.9319062571146635,18.244562112900425,-4.498468370015102,-9.463965863427582,-4.030722533529413,18.67808031268587,0.8308354873098511,0.9021356793659646,0.0,3.225806451612903
74,7Iron,first3,local,37,14.42670969745714,16.30699999999998,-1.880290302542841,16.067128776337352,-1.6404190788802122,-4.137742414234985,-6.031309706417846,15.197226358539687,0.798425861931813,0.8292701920212119,0.0,0.0
74,7Iron,first3,truth,37,14.740374273085525,16.30699999999998,-1.566625726914456,16.066876636945253,-1.3265023638597278,-3.764432678907598,-6.031309706417846,15.197226358539687,0.7968853370156458,0.8276293230581894,0.0,0.0
74,7Iron,middle3,local,37,14.42670969745714,16.30699999999998,-1.880290302542841,16.067128776337352,-1.6404190788802122,-4.137742414234985,-6.031309706417846,15.197226358539687,0.798425861931813,0.8292701920212119,0.0,0.0
74,7Iron,middle3,truth,37,14.740374273085525,16.30699999999998,-1.566625726914456,16.066876636945253,-1.3265023638597278,-3.764432678907598,-6.031309706417846,15.197226358539687,0.7968853370156458,0.8276293230581894,0.0,0.0
74,7Iron,last3,local,37,14.42670969745714,16.30699999999998,-1.880290302542841,16.067128776337352,-1.6404190788802122,-4.137742414234985,-6.031309706417846,15.197226358539687,0.798425861931813,0.8292701920212119,0.0,0.0
74,7Iron,last3,truth,37,14.740374273085525,16.30699999999998,-1.566625726914456,16.066876636945253,-1.3265023638597278,-3.764432678907598,-6.031309706417846,15.197226358539687,0.7968853370156458,0.8276293230581894,0.0,0.0
75,7Iron,first3,local,41,11.624596867968817,17.240999999999993,-5.616403132031175,16.95707894016893,-5.332482072200113,-9.57788932113693,-5.824510618355956,15.703421776861791,0.811860158548094,0.8620046393439912,0.0,0.0
75,7Iron,first3,truth,41,12.449666035598804,17.240999999999993,-4.791333964401188,16.957618337768967,-4.507952302170162,-7.621972653848025,-5.824510618355956,15.703421776861791,0.8201323576429658,0.8596142935990592,0.0,0.0
75,7Iron,middle3,local,37,12.861429533383994,17.240999999999993,-4.3795704666159985,16.89714674530533,-4.035717211921337,-8.967845447932794,-4.526681320641541,17.609468768704104,0.844600354032535,0.8697271642280644,0.0,0.0
75,7Iron,middle3,truth,37,13.572398004616323,17.240999999999993,-3.6686019953836695,16.897368917421186,-3.3249709128048632,-7.063614329833251,-4.526681320641541,17.609468768704104,0.8463307523545872,0.8655057410317312,0.0,0.0
75,7Iron,last3,local,26,13.443857126468373,17.240999999999993,-3.7971428735316195,16.839948203578867,-3.396091077110494,-9.599930987492478,-3.5175766711496057,19.088744224187664,0.8446339534853433,0.8765584076467785,0.0,3.8461538461538463
75,7Iron,last3,truth,26,14.055756109657725,17.240999999999993,-3.1852438903422673,16.839710597348052,-2.783954487690327,-7.794909050890409,-3.5175766711496057,19.088744224187664,0.8476823626497774,0.8718974478965655,0.0,3.8461538461538463
76,7Iron,first3,local,28,4.756169547964217,12.092000000000013,-7.335830452035796,11.910912521723679,-7.154742973759462,-5.77035813571731,-9.227266801305962,9.786003266969391,0.760040424560825,0.7724636213955495,0.0,0.0
76,7Iron,first3,truth,28,4.873776022827442,12.092000000000013,-7.218223977172571,11.91086992027167,-7.037093897444229,-5.7851715282028495,-9.227266801305962,9.786003266969391,0.764062443220358,0.7732274691122788,0.0,0.0
76,7Iron,middle3,local,25,6.150064516396424,12.092000000000013,-5.941935483603589,11.856465742527586,-5.706401226131162,-7.6455745583997565,-8.202927324950165,11.117075312578766,0.7747845886200411,0.7824081169920825,0.0,0.0
76,7Iron,middle3,truth,25,6.454358594315662,12.092000000000013,-5.637641405684351,11.855922729326478,-5.401564135010816,-7.6455745583997565,-8.202927324950165,11.117075312578766,0.7808427619241938,0.7826839884755885,0.0,0.0
76,7Iron,last3,local,28,6.314903005438868,12.092000000000013,-5.777096994561145,11.789720793092217,-5.474817787653349,-11.323230241092608,-6.527607534279986,13.281253451483629,0.8117738820875391,0.831682835645717,0.0,0.0
76,7Iron,last3,truth,28,6.560951729702089,12.092000000000013,-5.531048270297924,11.79018890375354,-5.229237174051451,-10.82323024109261,-6.527607534279986,13.281253451483629,0.8098481935177549,0.832145789699257,0.0,0.0
77,7Iron,first3,local,43,3.5742477229285177,13.927999999999987,-10.353752277071468,13.592930869829422,-10.018683146900905,-19.528759212959766,-7.581905417446664,12.403543256101273,0.8014155586323406,0.858010139410659,0.0,0.0
77,7Iron,first3,truth,43,3.6832362320442167,13.927999999999987,-10.24476376795577,13.593146173223479,-9.909909941179261,-18.741834321632385,-7.581905417446664,12.403543256101273,0.8027702315837919,0.8571898135251208,0.0,0.0
77,7Iron,middle3,local,45,5.3478409596843335,13.927999999999987,-8.580159040315653,13.547160933876714,-8.199319974192381,-20.140228443234253,-6.573776730539576,13.778117550569744,0.8011301244812262,0.8583067082490534,0.0,0.0
77,7Iron,middle3,truth,45,5.586711775539248,13.927999999999987,-8.341288224460738,13.54774519348306,-7.961033417943812,-19.83854231694818,-6.573776730539576,13.778117550569744,0.7974176455418194,0.8571898135251208,0.0,0.0
77,7Iron,last3,local,45,5.3478409596843335,13.927999999999987,-8.580159040315653,13.547160933876714,-8.199319974192381,-20.140228443234253,-6.573776730539576,13.778117550569744,0.8011301244812262,0.8583067082490534,0.0,0.0
77,7Iron,last3,truth,45,5.586711775539248,13.927999999999987,-8.341288224460738,13.54774519348306,-7.961033417943812,-19.83854231694818,-6.573776730539576,13.778117550569744,0.7974176455418194,0.8571898135251208,0.0,0.0
78,7Iron,first3,local,47,-0.8747089452619103,6.121999999999985,-6.996708945261895,5.806468164005501,-6.681177109267412,-11.721148445611103,-11.076920022744234,5.909756974728416,0.9557459295262203,0.9591725634758231,0.0,0.0
78,7Iron,first3,truth,47,-0.8047529369607036,6.121999999999985,-6.926752936960688,5.806473675433512,-6.611226612394216,-11.56227864479098,-11.076920022744234,5.909756974728416,0.9562979131885213,0.959354306139871,0.0,0.0
78,7Iron,middle3,local,47,-0.75164762121733,6.121999999999985,-6.873647621217315,5.751645184395957,-6.503292805613287,-13.481464851279204,-10.62808514884538,6.282348463136876,0.9515403134836103,0.9604037383950458,0.0,0.0
78,7Iron,middle3,truth,47,-0.6832727480114906,6.121999999999985,-6.805272748011475,5.751652922908478,-6.434925670919968,-13.40057624186356,-10.62808514884538,6.282348463136876,0.952106099588545,0.9604170695739974,0.0,0.0
78,7Iron,last3,local,46,-0.13817063886755243,6.121999999999985,-6.260170638867537,5.705800898574497,-5.843971537442049,-15.193778611711773,-10.255214398227801,6.583521342902672,0.9209307104049016,0.9250814764069812,0.0,0.0
78,7Iron,last3,truth,46,-0.10769405095216456,6.121999999999985,-6.2296940509521495,5.705799896839144,-5.813493947791309,-15.101255240355222,-10.255214398227801,6.583521342902672,0.9219031852888563,0.9253640042835362,0.0,0.0
79,7Iron,first3,local,23,4.644904575078973,15.657999999999998,-11.013095424921024,15.476274431019993,-10.83136985594102,-19.973099178842315,-7.306973548359057,13.216071367537282,0.7452611642568905,0.799565452040425,0.0,4.3478260869565215
79,7Iron,first3,truth,24,5.516458432791154,15.657999999999998,-10.141541567208844,15.47251248224636,-9.956054049455206,-15.891881843337696,-7.296100102403871,13.231609450292474,0.7549468977514981,0.8050204297586299,0.0,4.166666666666666
79,7Iron,middle3,local,31,4.382128834707651,15.657999999999998,-11.275871165292347,15.39737020620942,-11.01524137150177,-25.29851096764627,-6.169980711027907,14.839183543514379,0.712433010504693,0.8288751709842934,0.0,3.225806451612903
79,7Iron,middle3,truth,32,5.7992878823146885,15.657999999999998,-9.85871211768531,15.39580056414891,-9.596512681834222,-20.24086461090821,-6.161075072960245,14.851882673523292,0.7475216813991346,0.8311817006235545,0.0,3.125
79,7Iron,last3,local,25,7.49621457284848,15.657999999999998,-8.161785427151518,15.332761354962907,-7.836546782114427,-22.914318214396275,-4.984516851758466,16.527420216899024,0.7585650378091959,0.8710146637341281,0.0,4.0
79,7Iron,last3,truth,26,8.480556370623711,15.657999999999998,-7.177443629376286,15.334856451898403,-6.854300081274692,-19.321799225462797,-5.012934572099063,16.487005357596843,0.7788671927548922,0.8752512575121745,0.0,3.8461538461538463
80,7Iron,first3,local,16,10.971690877847339,14.687999999999988,-3.7163091221526496,14.475577505963813,-3.503886628116474,-3.170941761450546,-6.631455988649151,13.942699799200003,0.7768369152215313,0.7881859031189131,0.0,6.25
80,7Iron,first3,truth,16,12.724690957119583,14.687999999999988,-1.9633090428804056,14.477024245000983,-1.7523332878814006,-0.7224737698175776,-6.631455988649151,13.942699799200003,0.7553569276136226,0.7719897558219612,0.0,12.5
80,7Iron,middle3,local,26,10.844968529812641,14.687999999999988,-3.8430314701873467,14.431593189430444,-3.5866246596178026,-5.310139044202772,-6.534779250844018,14.077591685232276,0.8139228258551011,0.8423521903820563,0.0,0.0
80,7Iron,middle3,truth,27,12.077714753142942,14.687999999999988,-2.610285246857046,14.430546006155339,-2.352831253012397,-2.3486149792960376,-6.526798900712369,14.088725148514298,0.8075327469848403,0.8277763029590365,0.0,7.4074074074074066
80,7Iron,last3,local,27,10.1350473149577,14.687999999999988,-4.552952685042289,14.382334840428882,-4.247287525471183,-8.531555415365426,-5.724732125657898,15.206392558798774,0.8365269481922205,0.8604463126391464,0.0,0.0
80,7Iron,last3,truth,28,10.724269200888147,14.687999999999988,-3.9637307991118416,14.378995564433582,-3.6547263635454357,-5.825511787678833,-5.71798895054615,15.215777326850347,0.8302784749751613,0.8526305472952498,0.0,3.571428571428571
81,7Iron,first3,local,18,5.407369723325298,9.146999999999982,-3.739630276674684,9.033030445126187,-3.6256607218008883,-3.5201247048219515,-9.882516955075427,8.228786448344227,0.766646941989536,0.8016798792231269,0.0,0.0
81,7Iron,first3,truth,18,5.92526185883768,9.146999999999982,-3.2217381411623025,9.031302464051404,-3.1060406052137237,-3.5201247048219515,-9.882516955075427,8.228786448344227,0.7691161412755089,0.7842500199115179,0.0,0.0
81,7Iron,middle3,local,22,6.855888621315624,9.146999999999982,-2.2911113786843584,8.971615349485946,-2.115726728170322,-1.729816788710195,-9.118493387406428,9.102176912879164,0.8003803871412238,0.8130814133926527,0.0,0.0
81,7Iron,middle3,truth,22,7.30997402652912,9.146999999999982,-1.8370259734708627,8.968912111372902,-1.6589380848437818,-2.618690314624979,-9.118493387406428,9.102176912879164,0.781616644468411,0.7951292501933971,0.0,0.0
81,7Iron,last3,local,21,6.997592378884844,9.146999999999982,-2.149407621115138,8.905041883891604,-1.9074495050067597,-1.828382398513223,-7.723636817019986,10.680058062618302,0.804774330523838,0.8208761944355222,0.0,0.0
81,7Iron,last3,truth,21,7.320267067531224,9.146999999999982,-1.826732932468759,8.906088275843837,-1.5858212083126135,-3.631251178907169,-7.723636817019986,10.680058062618302,0.8033334171130344,0.8204654508624413,0.0,0.0
82,7Iron,first3,local,30,6.6791437996767025,17.27599999999998,-10.596856200323277,16.971628286831017,-10.292484487154315,-16.83879839215158,-6.625202298287194,14.521297472293726,0.7748458232944118,0.8719705620865316,0.0,3.3333333333333335
82,7Iron,first3,truth,30,7.883420826601392,17.27599999999998,-9.392579173398587,16.970714657783883,-9.087293831182492,-14.65213674223634,-6.625202298287194,14.521297472293726,0.7812335118685496,0.8648272190381312,0.0,3.3333333333333335
82,7Iron,middle3,local,35,8.692576966611481,17.27599999999998,-8.583423033388497,16.91660017101219,-8.224023204400707,-15.14439130213115,-5.362017449806324,16.37683209349307,0.8025779370171408,0.8982973658725658,0.0,0.0
82,7Iron,middle3,truth,35,9.591730467819586,17.27599999999998,-7.684269532180393,16.91603110303861,-7.324300635219023,-13.21465340120832,-5.362017449806324,16.37683209349307,0.8076532196740506,0.8955101410667148,0.0,0.0
82,7Iron,last3,local,28,10.523045657175322,17.27599999999998,-6.752954342824657,16.85172881712678,-6.328683159951458,-15.366184001584976,-4.280020217624587,17.963135786258135,0.8037429609758522,0.8943581801344527,0.0,0.0
82,7Iron,last3,truth,28,11.243206290263851,17.27599999999998,-6.0327937097361275,16.8524889566434,-5.609282666379547,-13.679522351669734,-4.280020217624587,17.963135786258135,0.822509952585096,0.892554363722136,0.0,0.0
83,7Iron,first3,local,29,8.755701912832306,18.87599999999999,-10.120298087167685,18.551244494145696,-9.79554258131339,-16.993438413170704,-5.396912100699654,16.676521572577876,0.7540243234752022,0.8611311981899141,0.0,6.896551724137931
83,7Iron,first3,truth,29,9.184463588057968,18.87599999999999,-9.691536411942023,18.551449204874185,-9.366985616816217,-16.850187326823526,-5.396912100699654,16.676521572577876,0.757660018323911,0.8625220033951345,0.0,6.896551724137931
83,7Iron,middle3,local,33,12.064874998346713,18.87599999999999,-6.811125001653277,18.482549666843486,-6.4176746684967725,-14.034608387806042,-4.133498726277756,18.579011288380485,0.7868281611378772,0.8880046041105918,0.0,6.0606060606060606
83,7Iron,middle3,truth,33,12.640057693673192,18.87599999999999,-6.235942306326798,18.483027779654467,-5.842970085981275,-11.134066171383683,-4.133498726277756,18.579011288380485,0.7909545014734475,0.8807161998437076,0.0,15.151515151515152
83,7Iron,last3,local,25,15.625458210037081,18.87599999999999,-3.2505417899629094,18.3877110279894,-2.7622528179523194,-6.8600229840725895,-2.933902188356106,20.382438097259346,0.8316710960879468,0.8653384093153651,24.0,12.0
83,7Iron,last3,truth,25,16.353862993421565,18.87599999999999,-2.5221370065784257,18.387549525923724,-2.033686532502159,-5.165198647902147,-2.933902188356106,20.382438097259346,0.8471472075297304,0.8614008934295279,24.0,32.0
84,7Iron,first3,local,25,10.94317046499839,16.949999999999992,-6.006829535001602,16.704049170184142,-5.7608787051857515,-8.10819502651442,-6.003894540142031,15.379465067183745,0.8320130725763835,0.8757310431596989,0.0,0.0
84,7Iron,first3,truth,25,11.496157246607872,16.949999999999992,-5.45384275339212,16.70425966457722,-5.2081024179693465,-7.450584724494841,-6.003894540142031,15.379465067183745,0.8347905439443152,0.8756863977931966,0.0,0.0
84,7Iron,middle3,local,25,10.94317046499839,16.949999999999992,-6.006829535001602,16.704049170184142,-5.7608787051857515,-8.10819502651442,-6.003894540142031,15.379465067183745,0.8320130725763835,0.8757310431596989,0.0,0.0
84,7Iron,middle3,truth,25,11.496157246607872,16.949999999999992,-5.45384275339212,16.70425966457722,-5.2081024179693465,-7.450584724494841,-6.003894540142031,15.379465067183745,0.8347905439443152,0.8756863977931966,0.0,0.0
84,7Iron,last3,local,25,10.94317046499839,16.949999999999992,-6.006829535001602,16.704049170184142,-5.7608787051857515,-8.10819502651442,-6.003894540142031,15.379465067183745,0.8320130725763835,0.8757310431596989,0.0,0.0
84,7Iron,last3,truth,25,11.496157246607872,16.949999999999992,-5.45384275339212,16.70425966457722,-5.2081024179693465,-7.450584724494841,-6.003894540142031,15.379465067183745,0.8347905439443152,0.8756863977931966,0.0,0.0
