variant,shot,club,block,n_components,components,launch_angle_deg,trackman_launch_deg,trackman_ball_mph,ops_ball_mph,raw_error_deg,block_a_offset_deg,fixed_error_deg,corrected_launch_angle_deg
channel_two,62,9Iron,A,2,channel:two8+channel:four4_path_tdm,14.173117319125577,16.77799999999999,99.7,96.9,-2.6048826808744145,-2.743591257158982,0.13870857628456745,16.91670857628456
channel_two,63,9Iron,A,2,channel:two8+channel:four4_path_tdm,9.812299811126021,11.487999999999987,89.30000000000001,87.6,-1.6757001888739662,-2.743591257158982,1.0678910682850158,12.555891068285003
channel_two,64,9Iron,A,2,channel:two8+channel:four4_path_tdm,18.431542680121183,20.468999999999983,110.2,106.7,-2.0374573198788006,-2.743591257158982,0.7061339372801814,21.175133937280165
channel_two,65,9Iron,A,2,channel:two8+channel:four4_path_tdm,14.138107963787785,17.449000000000005,111.3,108.0,-3.31089203621222,-2.743591257158982,-0.5673007790532378,16.881699220946768
channel_two,66,9Iron,A,2,channel:two8+channel:four4_path_tdm,16.827714124860243,21.533999999999995,111.9,108.5,-4.706285875139752,-2.743591257158982,-1.96269461798077,19.571305382019226
channel_two,67,9Iron,A,2,channel:two8+channel:four4_path_tdm,18.2477386305469,21.057999999999993,107.9,104.5,-2.8102613694530945,-2.743591257158982,-0.06667011229411246,20.99132988770588
channel_two,68,9Iron,A,2,channel:two8+channel:four4_path_tdm,3.6176385104701843,5.689999999999997,107.9,106.6,-2.0723614895298126,-2.743591257158982,0.6712297676291694,6.361229767629166
channel_two,69,9Iron,A,2,channel:two8+channel:four4_path_tdm,18.50120852717705,21.013999999999996,116.8,113.2,-2.512791472822947,-2.743591257158982,0.23079978433603499,21.24479978433603
channel_two,70,9Iron,A,2,channel:two8+channel:four4_path_tdm,18.721454736406976,22.12999999999998,109.0,105.3,-3.4085452635930054,-2.743591257158982,-0.6649540064340234,21.46504599356596
channel_two,71,9Iron,A,2,channel:two8+channel:four4_path_tdm,17.887597370010425,21.279999999999987,110.60000000000001,107.1,-3.3924026299895615,-2.743591257158982,-0.6488113728305795,20.631188627169408
channel_two,72,7Iron,A,2,channel:two8+channel:four4_path_tdm,4.185721193697418,1.6789999999999963,76.5,77.1,2.506721193697422,-2.743591257158982,5.250312450856404,6.929312450856401
channel_two,73,7Iron,A,2,channel:two8+channel:four4_path_tdm,16.50538984170535,18.677999999999987,112.9,109.8,-2.172610158294635,-2.743591257158982,0.5709810988643471,19.248981098864334
channel_two,74,7Iron,A,2,channel:two8+channel:four4_path_tdm,14.510008271101725,16.30699999999998,120.60000000000001,117.2,-1.7969917288982558,-2.743591257158982,0.9465995282607262,17.253599528260708
channel_two,75,7Iron,A,2,channel:two8+channel:four4_path_tdm,15.644488487633144,17.240999999999993,117.8,114.4,-1.596511512366849,-2.743591257158982,1.147079744792133,18.388079744792126
channel_two,76,7Iron,A,2,channel:two8+channel:four4_path_tdm,10.987660944448045,12.092000000000013,103.99999999999999,101.8,-1.1043390555519679,-2.743591257158982,1.6392522016070141,13.731252201607028
channel_two,77,7Iron,A,2,channel:two8+channel:four4_path_tdm,13.03950573164467,13.927999999999987,103.9,101.4,-0.8884942683553163,-2.743591257158982,1.8550969888036657,15.783096988803653
channel_two,78,7Iron,A,2,channel:two8+channel:four4_path_tdm,3.681850379929594,6.121999999999985,69.3,71.0,-2.440149620070391,-2.743591257158982,0.30344163708859107,6.425441637088576
channel_two,79,7Iron,A,2,channel:two8+channel:four4_path_tdm,10.325618670482875,15.657999999999998,111.3,108.2,-5.332381329517123,-2.743591257158982,-2.5887900723581407,13.069209927641857
channel_two,80,7Iron,A,2,channel:two8+channel:four4_path_tdm,11.879182464907034,14.687999999999988,106.1,103.4,-2.8088175350929543,-2.743591257158982,-0.06522627793397229,14.622773722066016
channel_two,81,7Iron,A,2,channel:two8+channel:four4_path_tdm,6.692855711330486,9.146999999999982,109.0,106.5,-2.4541442886694966,-2.743591257158982,0.28944696848948537,9.436446968489468
channel_two,82,7Iron,A,2,channel:two8+channel:four4_path_tdm,14.977556913001415,17.27599999999998,108.6,105.6,-2.2984430869985637,-2.743591257158982,0.4451481701604183,17.721148170160397
channel_two,83,7Iron,A,2,channel:two8+channel:four4_path_tdm,14.171554070258953,18.87599999999999,112.0,108.5,-4.704445929741038,-2.743591257158982,-1.9608546725820557,16.915145327417935
channel_two,84,7Iron,A,2,channel:two8+channel:four4_path_tdm,12.805651786061468,16.949999999999992,122.0,118.6,-4.144348213938525,-2.743591257158982,-1.4007569567795426,15.54924304322045
channel_two,86,5Iron,A,2,channel:two8+channel:four4_path_tdm,12.779596556227833,14.677,111.9,109.3,-1.8974034437721663,-2.743591257158982,0.8461878133868157,15.523187813386816
channel_two,87,5Iron,A,2,channel:two8+channel:four4_path_tdm,11.242950065409495,15.406999999999991,118.2,115.2,-4.164049934590496,-2.743591257158982,-1.420458677431514,13.986541322568478
channel_two,88,5Iron,A,2,channel:two8+channel:four4_path_tdm,5.95713441886173,0.5110000000000001,98.6,87.4,5.44613441886173,-2.743591257158982,8.189725676020712,8.700725676020712
channel_two,90,5Iron,A,2,channel:two8+channel:four4_path_tdm,10.545839368488316,12.959999999999992,120.9,118.3,-2.4141606315116757,-2.743591257158982,0.3294306256473063,13.289430625647299
channel_two,91,5Iron,A,2,channel:two8+channel:four4_path_tdm,10.071834581489751,9.892999999999994,105.6,103.0,0.17883458148975784,-2.743591257158982,2.92242583864874,12.815425838648734
channel_two,92,5Iron,A,2,channel:two8+channel:four4_path_tdm,3.508573151330266,10.917999999999983,107.6,105.2,-7.4094268486697175,-2.743591257158982,-4.665835591510735,6.252164408489248
channel_two,93,5Iron,A,2,channel:two8+channel:four4_path_tdm,1.8129540123210766,1.5239999999999743,87.0,89.2,0.2889540123211023,-2.743591257158982,3.0325452694800843,4.556545269480059
channel_two,94,5Iron,A,2,channel:two8+channel:four4_path_tdm,10.920333818726204,13.115999999999982,129.6,126.6,-2.1956661812737774,-2.743591257158982,0.5479250758852046,13.663925075885187
channel_two,95,5Iron,A,2,channel:two8+channel:four4_path_tdm,11.655933666658282,14.271999999999982,114.6,111.7,-2.616066333341701,-2.743591257158982,0.1275249238172811,14.399524923817264
channel_two,96,5Iron,A,2,channel:two8+channel:four4_path_tdm,9.302582878986994,14.196999999999997,129.6,126.4,-4.894417121013003,-2.743591257158982,-2.150825863854021,12.046174136145977
channel_two,97,5Iron,A,2,channel:two8+channel:four4_path_tdm,10.017887562488891,14.368000000000002,127.40000000000002,124.3,-4.350112437511111,-2.743591257158982,-1.606521180352129,12.761478819647873
channel_two,98,5Iron,A,2,channel:two8+channel:four4_path_tdm,12.452181736492136,14.74200000000001,132.1,128.7,-2.2898182635078737,-2.743591257158982,0.45377299365110835,15.195772993651119
channel_two,99,5Iron,A,2,channel:two8+channel:four4_path_tdm,13.07238805024986,14.71499999999999,130.8,127.5,-1.6426119497501297,-2.743591257158982,1.1009793074088523,15.815979307408842
channel_two,101,5Iron,A,2,channel:two8+channel:four4_path_tdm,12.633865658304124,14.392000000000003,127.7,124.5,-1.7581343416958788,-2.743591257158982,0.9854569154631032,15.377456915463107
channel_two,103,Driver,A,2,channel:two8+channel:four4_path_tdm,9.85909223506294,10.004000000000007,148.1,145.2,-0.14490776493706647,-2.743591257158982,2.5986834922219155,12.602683492221923
channel_two,104,Driver,A,2,channel:two8+channel:four4_path_tdm,12.484087850179115,17.990000000000002,137.7,134.2,-5.505912149820887,-2.743591257158982,-2.7623208926619047,15.227679107338098
channel_two,105,Driver,A,2,channel:two8+channel:four4_path_tdm,-5.0,5.857999999999973,143.9,139.9,-10.857999999999972,-2.743591257158982,-8.11440874284099,-2.256408742841018
channel_two,112,Driver,A,2,channel:two8+channel:four4_path_tdm,12.272969200923747,10.008999999999974,153.4,150.6,2.263969200923773,-2.743591257158982,5.0075604580827555,15.01656045808273
channel_two,113,Driver,A,2,channel:two8+channel:four4_path_tdm,9.451225935143597,13.960999999999997,146.6,143.4,-4.5097740648563995,-2.743591257158982,-1.7661828076974175,12.19481719230258
channel_two,114,Driver,A,2,channel:two8+channel:four4_path_tdm,13.174789305330943,14.620999999999993,153.8,150.2,-1.44621069466905,-2.743591257158982,1.297380562489932,15.918380562489926
channel_two,115,SandWedge,A,2,channel:two8+channel:four4_path_tdm,27.900536599231476,31.661999999999985,70.1,66.4,-3.761463400768509,-2.743591257158982,-1.017872143609527,30.644127856390458
channel_two,116,SandWedge,A,2,channel:two8+channel:four4_path_tdm,26.388252968469935,29.217000000000002,66.5,69.4,-2.8287470315300673,-2.743591257158982,-0.08515577437108535,29.131844225628917
channel_two,117,SandWedge,A,2,channel:two8+channel:four4_path_tdm,25.66155075118408,30.729999999999986,75.6,73.9,-5.068449248815906,-2.743591257158982,-2.324857991656924,28.405142008343063
channel_two,118,SandWedge,A,2,channel:two8+channel:four4_path_tdm,29.7967668733414,33.168000000000006,72.8,70.2,-3.3712331266586055,-2.743591257158982,-0.6276418694996235,32.54035813050038
channel_two,119,SandWedge,A,2,channel:two8+channel:four4_path_tdm,23.07946128107671,26.353999999999992,74.1,71.9,-3.2745387189232815,-2.743591257158982,-0.5309474617642995,25.823052538235693
channel_two,120,SandWedge,A,2,channel:two8+channel:four4_path_tdm,23.658795129915802,27.744999999999997,69.6,67.4,-4.086204870084195,-2.743591257158982,-1.3426136129252133,26.402386387074785
channel_two,121,SandWedge,A,2,channel:two8+channel:four4_path_tdm,21.426806330306036,24.805000000000007,69.1,66.2,-3.378193669693971,-2.743591257158982,-0.634602412534989,24.17039758746502
channel_two,122,SandWedge,A,2,channel:two8+channel:four4_path_tdm,26.998324584805324,31.036999999999985,69.5,65.9,-4.0386754151946604,-2.743591257158982,-1.2950841580356784,29.741915841964307
channel_two,123,SandWedge,A,2,channel:two8+channel:four4_path_tdm,25.70052425363869,29.30099999999999,81.8,77.9,-3.600475746361301,-2.743591257158982,-0.8568844892023191,28.444115510797673
channel_two,124,SandWedge,A,2,channel:two8+channel:four4_path_tdm,24.657960406094283,28.975,84.19999999999999,80.3,-4.317039593905719,-2.743591257158982,-1.5734483367467367,27.401551663253265
channel_two,130,9Iron (relabeled),B,2,channel:two8+channel:four4_path_tdm,21.56641815015171,22.888999999999974,102.29999999999998,96.7,-1.322581849848266,-2.743591257158982,1.421009407310716,24.31000940731069
channel_two,131,9Iron (relabeled),B,2,channel:two8+channel:four4_path_tdm,18.717336953786628,20.895000000000007,110.2,104.9,-2.177663046213379,-2.743591257158982,0.5659282109456032,21.46092821094561
channel_two,132,9Iron (relabeled),B,2,channel:two8+channel:four4_path_tdm,18.079752621835375,18.08299999999998,92.70000000000002,88.3,-0.003247378164605408,-2.743591257158982,2.7403438789943766,20.823343878994358
channel_two,133,9Iron,B,2,channel:two8+channel:four4_path_tdm,19.989580783841266,21.477999999999987,106.2,100.9,-1.4884192161587215,-2.743591257158982,1.2551720410002605,22.73317204100025
channel_two,134,9Iron,B,2,channel:two8+channel:four4_path_tdm,13.3759805721607,15.599999999999998,108.1,103.5,-2.2240194278392984,-2.743591257158982,0.5195718293196836,16.119571829319682
channel_two,137,9Iron,B,2,channel:two8+channel:four4_path_tdm,17.28033864081373,18.307,112.0,106.9,-1.0266613591862672,-2.743591257158982,1.7169298979727148,20.023929897972714
channel_two,142,9Iron,C,2,channel:two8+channel:four4_path_tdm,16.244763192370822,15.446,101.9,98.5,0.7987631923708225,-2.743591257158982,3.5423544495298045,18.988354449529805
channel_two,144,9Iron,C,2,channel:two8+channel:four4_path_tdm,18.829330797561028,21.873,105.6,101.4,-3.0436692024389735,-2.743591257158982,-0.30007794527999154,21.57292205472001
channel_two,145,9Iron,C,2,channel:two8+channel:four4_path_tdm,18.583532607015425,21.694999999999986,109.0,104.8,-3.1114673929845615,-2.743591257158982,-0.36787613582557954,21.327123864174407
channel_two,146,9Iron,C,2,channel:two8+channel:four4_path_tdm,6.276182197971556,6.429999999999999,93.7,92.1,-0.15381780202844286,-2.743591257158982,2.589773455130539,9.019773455130538
channel_two,147,9Iron,C,2,channel:two8+channel:four4_path_tdm,21.82524907981491,23.108,107.39999999999999,102.9,-1.2827509201850908,-2.743591257158982,1.4608403369738912,24.568840336973892
channel_two,149,9Iron,C,2,channel:two8+channel:four4_path_tdm,23.485444915581443,23.08599999999999,113.1,108.3,0.39944491558145145,-2.743591257158982,3.1430361727404335,26.229036172740425
channel_two,151,9Iron,C,2,channel:two8+channel:four4_path_tdm,14.833533671092667,19.529000000000003,103.0,99.0,-4.695466328907337,-2.743591257158982,-1.9518750717483546,17.57712492825165
channel_two,152,7Iron,C,2,channel:two8+channel:four4_path_tdm,14.247310586210384,16.805000000000007,117.0,113.1,-2.557689413789623,-2.743591257158982,0.1859018433693591,16.990901843369365
channel_two,167,7Iron,C,2,channel:two8+channel:four4_path_tdm,17.530617945083414,17.914999999999985,127.19999999999999,123.0,-0.3843820549165713,-2.743591257158982,2.3592092022424107,20.274209202242396
channel_two,168,7Iron,C,2,channel:two8+channel:four4_path_tdm,15.710815055322799,20.05000000000001,122.8,118.5,-4.339184944677212,-2.743591257158982,-1.5955936875182304,18.45440631248178
fast_late_three,62,9Iron,A,3,fast:direct1+fast:two2+fast:four4,15.810132595023404,16.77799999999999,99.7,96.9,-0.9678674049765874,-2.9022206788919394,1.934353273915352,18.712353273915344
fast_late_three,63,9Iron,A,3,fast:direct1+fast:two2+fast:four4,5.880027045378086,11.487999999999987,89.30000000000001,87.6,-5.607972954621901,-2.9022206788919394,-2.7057522757299615,8.782247724270025
fast_late_three,64,9Iron,A,3,fast:direct1+fast:two2+fast:four4,16.90323301795098,20.468999999999983,110.2,106.7,-3.565766982049002,-2.9022206788919394,-0.6635463031570628,19.80545369684292
fast_late_three,65,9Iron,A,3,fast:direct1+fast:two2+fast:four4,16.066307284930122,17.449000000000005,111.3,108.0,-1.382692715069883,-2.9022206788919394,1.5195279638220565,18.968527963822062
fast_late_three,66,9Iron,A,3,fast:direct1+fast:two2+fast:four4,17.242322335951602,21.533999999999995,111.9,108.5,-4.291677664048393,-2.9022206788919394,-1.3894569851564538,20.144543014843542
fast_late_three,67,9Iron,A,3,fast:direct1+fast:two2+fast:four4,19.328358897915553,21.057999999999993,107.9,104.5,-1.7296411020844396,-2.9022206788919394,1.1725795768074998,22.230579576807493
fast_late_three,68,9Iron,A,3,fast:direct1+fast:two2+fast:four4,-1.4476602086621362,5.689999999999997,107.9,106.6,-7.137660208662133,-2.9022206788919394,-4.2354395297701934,1.4545604702298032
fast_late_three,69,9Iron,A,3,fast:direct1+fast:two2+fast:four4,19.55262484120237,21.013999999999996,116.8,113.2,-1.461375158797626,-2.9022206788919394,1.4408455200943133,22.45484552009431
fast_late_three,70,9Iron,A,3,fast:direct1+fast:two2+fast:four4,19.736339766050907,22.12999999999998,109.0,105.3,-2.393660233949074,-2.9022206788919394,0.5085604449428653,22.638560444942847
fast_late_three,71,9Iron,A,3,fast:direct1+fast:two2+fast:four4,19.574137201801708,21.279999999999987,110.60000000000001,107.1,-1.7058627981982788,-2.9022206788919394,1.1963578806936606,22.476357880693648
fast_late_three,72,7Iron,A,3,fast:direct1+fast:two2+fast:four4,3.849666937169667,1.6789999999999963,76.5,77.1,2.1706669371696705,-2.9022206788919394,5.07288761606161,6.751887616061606
fast_late_three,73,7Iron,A,3,fast:direct1+fast:two2+fast:four4,16.458076212622718,18.677999999999987,112.9,109.8,-2.219923787377269,-2.9022206788919394,0.6822968915146705,19.360296891514658
fast_late_three,74,7Iron,A,3,fast:direct1+fast:two2+fast:four4,15.932347468751294,16.30699999999998,120.60000000000001,117.2,-0.374652531248687,-2.9022206788919394,2.5275681476432523,18.834568147643232
fast_late_three,75,7Iron,A,3,fast:direct1+fast:two2+fast:four4,15.554617438297027,17.240999999999993,117.8,114.4,-1.686382561702965,-2.9022206788919394,1.2158381171889743,18.456838117188965
fast_late_three,76,7Iron,A,3,fast:direct1+fast:two2+fast:four4,9.449393166611992,12.092000000000013,103.99999999999999,101.8,-2.6426068333880206,-2.9022206788919394,0.25961384550391875,12.351613845503932
fast_late_three,77,7Iron,A,3,fast:direct1+fast:two2+fast:four4,11.79094243624255,13.927999999999987,103.9,101.4,-2.137057563757436,-2.9022206788919394,0.7651631151345035,14.69316311513449
fast_late_three,78,7Iron,A,3,fast:direct1+fast:two2+fast:four4,-3.571867158919966,6.121999999999985,69.3,71.0,-9.69386715891995,-2.9022206788919394,-6.79164648002801,-0.6696464800280268
fast_late_three,79,7Iron,A,3,fast:direct1+fast:two2+fast:four4,11.12472045432238,15.657999999999998,111.3,108.2,-4.533279545677617,-2.9022206788919394,-1.6310588667856778,14.02694113321432
fast_late_three,80,7Iron,A,3,fast:direct1+fast:two2+fast:four4,13.234425613615562,14.687999999999988,106.1,103.4,-1.4535743863844264,-2.9022206788919394,1.448646292507513,16.1366462925075
fast_late_three,81,7Iron,A,3,fast:direct1+fast:two2+fast:four4,6.05610334461512,9.146999999999982,109.0,106.5,-3.0908966553848627,-2.9022206788919394,-0.18867597649292334,8.958324023507059
fast_late_three,82,7Iron,A,3,fast:direct1+fast:two2+fast:four4,13.501111137135135,17.27599999999998,108.6,105.6,-3.7748888628648434,-2.9022206788919394,-0.872668183972904,16.403331816027073
fast_late_three,83,7Iron,A,3,fast:direct1+fast:two2+fast:four4,15.74808414035706,18.87599999999999,112.0,108.5,-3.127915859642931,-2.9022206788919394,-0.2256951807509915,18.650304819248998
fast_late_three,84,7Iron,A,3,fast:direct1+fast:two2+fast:four4,13.922014262988805,16.949999999999992,122.0,118.6,-3.0279857370111873,-2.9022206788919394,-0.12576505811924799,16.824234941880743
fast_late_three,86,5Iron,A,3,fast:direct1+fast:two2+fast:four4,11.091217305993988,14.677,111.9,109.3,-3.585782694006012,-2.9022206788919394,-0.6835620151140724,13.993437984885928
fast_late_three,87,5Iron,A,3,fast:direct1+fast:two2+fast:four4,13.095107245734683,15.406999999999991,118.2,115.2,-2.3118927542653083,-2.9022206788919394,0.5903279246266311,15.997327924626623
fast_late_three,88,5Iron,A,3,fast:direct1+fast:two2+fast:four4,-4.011640134312814,0.5110000000000001,98.6,87.4,-4.522640134312814,-2.9022206788919394,-1.6204194554208748,-1.1094194554208747
fast_late_three,90,5Iron,A,3,fast:direct1+fast:two2+fast:four4,9.015023270768843,12.959999999999992,120.9,118.3,-3.944976729231149,-2.9022206788919394,-1.0427560503392095,11.917243949660783
fast_late_three,91,5Iron,A,3,fast:direct1+fast:two2+fast:four4,8.460590740972272,9.892999999999994,105.6,103.0,-1.4324092590277218,-2.9022206788919394,1.4698114198642176,11.362811419864212
fast_late_three,92,5Iron,A,3,fast:direct1+fast:two2+fast:four4,7.0298956377170185,10.917999999999983,107.6,105.2,-3.8881043622829647,-2.9022206788919394,-0.9858836833910254,9.932116316608958
fast_late_three,93,5Iron,A,3,fast:direct1+fast:two2+fast:four4,-3.7179157797299474,1.5239999999999743,87.0,89.2,-5.241915779729922,-2.9022206788919394,-2.3396951008379827,-0.815695100838008
fast_late_three,94,5Iron,A,3,fast:direct1+fast:two2+fast:four4,8.869435751072741,13.115999999999982,129.6,126.6,-4.246564248927241,-2.9022206788919394,-1.3443435700353015,11.77165642996468
fast_late_three,95,5Iron,A,3,fast:direct1+fast:two2+fast:four4,13.929632824834158,14.271999999999982,114.6,111.7,-0.3423671751658244,-2.9022206788919394,2.559853503726115,16.831853503726098
fast_late_three,96,5Iron,A,3,fast:direct1+fast:two2+fast:four4,11.135315916008906,14.196999999999997,129.6,126.4,-3.061684083991091,-2.9022206788919394,-0.1594634050991517,14.037536594900846
fast_late_three,97,5Iron,A,3,fast:direct1+fast:two2+fast:four4,9.536109128901924,14.368000000000002,127.40000000000002,124.3,-4.831890871098079,-2.9022206788919394,-1.9296701922061392,12.438329807793863
fast_late_three,98,5Iron,A,3,fast:direct1+fast:two2+fast:four4,11.489483929007534,14.74200000000001,132.1,128.7,-3.252516070992476,-2.9022206788919394,-0.3502953921005365,14.391704607899474
fast_late_three,99,5Iron,A,3,fast:direct1+fast:two2+fast:four4,11.106804651849986,14.71499999999999,130.8,127.5,-3.6081953481500033,-2.9022206788919394,-0.705974669258064,14.009025330741926
fast_late_three,101,5Iron,A,3,fast:direct1+fast:two2+fast:four4,12.792028710473375,14.392000000000003,127.7,124.5,-1.5999712895266285,-2.9022206788919394,1.3022493893653109,15.694249389365314
fast_late_three,103,Driver,A,3,fast:direct1+fast:two2+fast:four4,8.686854232866992,10.004000000000007,148.1,145.2,-1.317145767133015,-2.9022206788919394,1.5850749117589245,11.589074911758932
fast_late_three,104,Driver,A,3,fast:direct1+fast:two2+fast:four4,14.82642333262706,17.990000000000002,137.7,134.2,-3.1635766673729417,-2.9022206788919394,-0.2613559884810024,17.728644011519
fast_late_three,105,Driver,A,3,fast:direct1+fast:two2+fast:four4,4.172961516371921,5.857999999999973,143.9,139.9,-1.6850384836280519,-2.9022206788919394,1.2171821952638875,7.07518219526386
fast_late_three,112,Driver,A,3,fast:direct1+fast:two2+fast:four4,9.151818447299773,10.008999999999974,153.4,150.6,-0.8571815527002009,-2.9022206788919394,2.0450391261917384,12.054039126191713
fast_late_three,113,Driver,A,3,fast:direct1+fast:two2+fast:four4,11.679588501691141,13.960999999999997,146.6,143.4,-2.281411498308856,-2.9022206788919394,0.6208091805830835,14.58180918058308
fast_late_three,114,Driver,A,3,fast:direct1+fast:two2+fast:four4,13.107928228832497,14.620999999999993,153.8,150.2,-1.5130717711674961,-2.9022206788919394,1.3891489077244432,16.010148907724435
fast_late_three,115,SandWedge,A,3,fast:direct1+fast:two2+fast:four4,29.125306097735166,31.661999999999985,70.1,66.4,-2.536693902264819,-2.9022206788919394,0.3655267766271204,32.027526776627106
fast_late_three,116,SandWedge,A,3,fast:direct1+fast:two2+fast:four4,28.49864419559599,29.217000000000002,66.5,69.4,-0.7183558044040126,-2.9022206788919394,2.1838648744879268,31.40086487448793
fast_late_three,117,SandWedge,A,3,fast:direct1+fast:two2+fast:four4,25.709072636103823,30.729999999999986,75.6,73.9,-5.020927363896163,-2.9022206788919394,-2.118706685004224,28.611293314995763
fast_late_three,118,SandWedge,A,3,fast:direct1+fast:two2+fast:four4,28.836206724726125,33.168000000000006,72.8,70.2,-4.331793275273881,-2.9022206788919394,-1.429572596381942,31.738427403618065
fast_late_three,119,SandWedge,A,3,fast:direct1+fast:two2+fast:four4,24.427270906067918,26.353999999999992,74.1,71.9,-1.9267290939320745,-2.9022206788919394,0.9754915849598649,27.329491584959857
fast_late_three,120,SandWedge,A,3,fast:direct1+fast:two2+fast:four4,24.095129139207014,27.744999999999997,69.6,67.4,-3.6498708607929835,-2.9022206788919394,-0.7476501819010442,26.997349818098954
fast_late_three,121,SandWedge,A,3,fast:direct1+fast:two2+fast:four4,21.927945246932527,24.805000000000007,69.1,66.2,-2.8770547530674797,-2.9022206788919394,0.025165925824459645,24.830165925824467
fast_late_three,122,SandWedge,A,3,fast:direct1+fast:two2+fast:four4,27.95986238166962,31.036999999999985,69.5,65.9,-3.077137618330365,-2.9022206788919394,-0.1749169394384258,30.86208306056156
fast_late_three,123,SandWedge,A,3,fast:direct1+fast:two2+fast:four4,26.39541883184147,29.30099999999999,81.8,77.9,-2.9055811681585197,-2.9022206788919394,-0.003360489266580391,29.29763951073341
fast_late_three,124,SandWedge,A,3,fast:direct1+fast:two2+fast:four4,24.726326168513168,28.975,84.19999999999999,80.3,-4.248673831486833,-2.9022206788919394,-1.346453152594894,27.628546847405108
fast_late_three,130,9Iron (relabeled),B,3,fast:direct1+fast:two2+fast:four4,21.448182948683865,22.888999999999974,102.29999999999998,96.7,-1.4408170513161096,-2.9022206788919394,1.4614036275758298,24.350403627575805
fast_late_three,131,9Iron (relabeled),B,3,fast:direct1+fast:two2+fast:four4,20.20679089203367,20.895000000000007,110.2,104.9,-0.6882091079663368,-2.9022206788919394,2.2140115709256025,23.10901157092561
fast_late_three,132,9Iron (relabeled),B,3,fast:direct1+fast:two2+fast:four4,16.73850418730824,18.08299999999998,92.70000000000002,88.3,-1.34449581269174,-2.9022206788919394,1.5577248662001995,19.64072486620018
fast_late_three,133,9Iron,B,3,fast:direct1+fast:two2+fast:four4,19.23209648571368,21.477999999999987,106.2,100.9,-2.245903514286308,-2.9022206788919394,0.6563171646056314,22.13431716460562
fast_late_three,134,9Iron,B,3,fast:direct1+fast:two2+fast:four4,11.146670492465276,15.599999999999998,108.1,103.5,-4.453329507534722,-2.9022206788919394,-1.5511088286427825,14.048891171357216
fast_late_three,136,9Iron,B,3,fast:direct1+fast:two2+fast:four4,18.571162412313726,19.54499999999999,113.7,108.4,-0.9738375876862655,-2.9022206788919394,1.9283830912056739,21.473383091205665
fast_late_three,137,9Iron,B,3,fast:direct1+fast:two2+fast:four4,14.846122524134948,18.307,112.0,106.9,-3.4608774758650505,-2.9022206788919394,-0.5586567969731111,17.748343203026888
fast_late_three,142,9Iron,C,3,fast:direct1+fast:two2+fast:four4,12.88392265676496,15.446,101.9,98.5,-2.562077343235039,-2.9022206788919394,0.34014333565690036,15.7861433356569
fast_late_three,144,9Iron,C,3,fast:direct1+fast:two2+fast:four4,18.87889735156123,21.873,105.6,101.4,-2.9941026484387727,-2.9022206788919394,-0.09188196954683336,21.781118030453168
fast_late_three,145,9Iron,C,3,fast:direct1+fast:two2+fast:four4,17.85851646261718,21.694999999999986,109.0,104.8,-3.8364835373828043,-2.9022206788919394,-0.934262858490865,20.76073714150912
fast_late_three,146,9Iron,C,3,fast:direct1+fast:two2+fast:four4,3.88403247440406,6.429999999999999,93.7,92.1,-2.545967525595939,-2.9022206788919394,0.3562531532960005,6.786253153295999
fast_late_three,147,9Iron,C,3,fast:direct1+fast:two2+fast:four4,18.725004573716422,23.108,107.39999999999999,102.9,-4.382995426283578,-2.9022206788919394,-1.480774747391639,21.627225252608362
fast_late_three,149,9Iron,C,3,fast:direct1+fast:two2+fast:four4,22.58277857575187,23.08599999999999,113.1,108.3,-0.503221424248121,-2.9022206788919394,2.3989992546438184,25.48499925464381
fast_late_three,151,9Iron,C,3,fast:direct1+fast:two2+fast:four4,15.991623087117867,19.529000000000003,103.0,99.0,-3.537376912882136,-2.9022206788919394,-0.6351562339901968,18.893843766009805
fast_late_three,152,7Iron,C,3,fast:direct1+fast:two2+fast:four4,16.38452115058017,16.805000000000007,117.0,113.1,-0.4204788494198368,-2.9022206788919394,2.4817418294721025,19.28674182947211
fast_late_three,167,7Iron,C,3,fast:direct1+fast:two2+fast:four4,11.74054601562303,17.914999999999985,127.19999999999999,123.0,-6.174453984376955,-2.9022206788919394,-3.2722333054850155,14.64276669451497
fast_late_three,168,7Iron,C,3,fast:direct1+fast:two2+fast:four4,14.590883505055688,20.05000000000001,122.8,118.5,-5.459116494944324,-2.9022206788919394,-2.5568958160523843,17.493104183947626
hybrid_three,62,9Iron,A,3,channel:two8+channel:four4_path_tdm+fast:four4,14.859649692962748,16.77799999999999,99.7,96.9,-1.9183503070372439,-2.740993869854063,0.8226435628168192,17.60064356281681
hybrid_three,63,9Iron,A,3,channel:two8+channel:four4_path_tdm+fast:four4,7.450613337984614,11.487999999999987,89.30000000000001,87.6,-4.037386662015373,-2.740993869854063,-1.2963927921613099,10.191607207838677
hybrid_three,64,9Iron,A,3,channel:two8+channel:four4_path_tdm+fast:four4,18.373209209800056,20.468999999999983,110.2,106.7,-2.0957907901999278,-2.740993869854063,0.6452030796541353,21.114203079654118
hybrid_three,65,9Iron,A,3,channel:two8+channel:four4_path_tdm+fast:four4,14.632840467249565,17.449000000000005,111.3,108.0,-2.81615953275044,-2.740993869854063,-0.07516566289637705,17.373834337103627
hybrid_three,66,9Iron,A,3,channel:two8+channel:four4_path_tdm+fast:four4,17.097394513790643,21.533999999999995,111.9,108.5,-4.436605486209352,-2.740993869854063,-1.695611616355289,19.838388383644705
hybrid_three,67,9Iron,A,3,channel:two8+channel:four4_path_tdm+fast:four4,18.260348671241942,21.057999999999993,107.9,104.5,-2.7976513287580502,-2.740993869854063,-0.05665745890398721,21.001342541096005
hybrid_three,68,9Iron,A,3,channel:two8+channel:four4_path_tdm+fast:four4,2.0329402089688684,5.689999999999997,107.9,106.6,-3.6570597910311284,-2.740993869854063,-0.9160659211770654,4.773934078822931
hybrid_three,69,9Iron,A,3,channel:two8+channel:four4_path_tdm+fast:four4,18.62906197330314,21.013999999999996,116.8,113.2,-2.3849380266968545,-2.740993869854063,0.3560558431572085,21.370055843157203
hybrid_three,70,9Iron,A,3,channel:two8+channel:four4_path_tdm+fast:four4,19.35735468722844,22.12999999999998,109.0,105.3,-2.772645312771541,-2.740993869854063,-0.0316514429174779,22.098348557082502
hybrid_three,71,9Iron,A,3,channel:two8+channel:four4_path_tdm+fast:four4,18.103262219417726,21.279999999999987,110.60000000000001,107.1,-3.176737780582261,-2.740993869854063,-0.4357439107281982,20.844256089271788
hybrid_three,72,7Iron,A,3,channel:two8+channel:four4_path_tdm+fast:four4,3.983584663701945,1.6789999999999963,76.5,77.1,2.3045846637019487,-2.740993869854063,5.045578533556012,6.7245785335560075
hybrid_three,73,7Iron,A,3,channel:two8+channel:four4_path_tdm+fast:four4,16.746171893918454,18.677999999999987,112.9,109.8,-1.9318281060815323,-2.740993869854063,0.8091657637725307,19.487165763772516
hybrid_three,74,7Iron,A,3,channel:two8+channel:four4_path_tdm+fast:four4,15.049045581175625,16.30699999999998,120.60000000000001,117.2,-1.2579544188243563,-2.740993869854063,1.4830394510297067,17.79003945102969
hybrid_three,75,7Iron,A,3,channel:two8+channel:four4_path_tdm+fast:four4,15.524339497800156,17.240999999999993,117.8,114.4,-1.7166605021998365,-2.740993869854063,1.0243333676542266,18.265333367654218
hybrid_three,76,7Iron,A,3,channel:two8+channel:four4_path_tdm+fast:four4,10.645900601397356,12.092000000000013,103.99999999999999,101.8,-1.446099398602657,-2.740993869854063,1.294894471251406,13.38689447125142
hybrid_three,77,7Iron,A,3,channel:two8+channel:four4_path_tdm+fast:four4,13.276838412933195,13.927999999999987,103.9,101.4,-0.6511615870667917,-2.740993869854063,2.0898322827872713,16.017832282787257
hybrid_three,78,7Iron,A,3,channel:two8+channel:four4_path_tdm+fast:four4,1.4347379721556657,6.121999999999985,69.3,71.0,-4.687262027844319,-2.740993869854063,-1.9462681579902563,4.1757318420097285
hybrid_three,79,7Iron,A,3,channel:two8+channel:four4_path_tdm+fast:four4,11.091230629466684,15.657999999999998,111.3,108.2,-4.566769370533313,-2.740993869854063,-1.8257755006792502,13.832224499320748
hybrid_three,80,7Iron,A,3,channel:two8+channel:four4_path_tdm+fast:four4,12.409886546615425,14.687999999999988,106.1,103.4,-2.278113453384563,-2.740993869854063,0.46288041646949996,15.150880416469487
hybrid_three,81,7Iron,A,3,channel:two8+channel:four4_path_tdm+fast:four4,6.1616642625376,9.146999999999982,109.0,106.5,-2.985335737462383,-2.740993869854063,-0.24434186760831977,8.902658132391663
hybrid_three,82,7Iron,A,3,channel:two8+channel:four4_path_tdm+fast:four4,14.165374567765918,17.27599999999998,108.6,105.6,-3.1106254322340607,-2.740993869854063,-0.3696315623799977,16.90636843761998
hybrid_three,83,7Iron,A,3,channel:two8+channel:four4_path_tdm+fast:four4,15.090345920189042,18.87599999999999,112.0,108.5,-3.785654079810948,-2.740993869854063,-1.0446602099568851,17.831339790043106
hybrid_three,84,7Iron,A,3,channel:two8+channel:four4_path_tdm+fast:four4,14.010004905402461,16.949999999999992,122.0,118.6,-2.9399950945975313,-2.740993869854063,-0.19900122474346826,16.750998775256523
hybrid_three,86,5Iron,A,3,channel:two8+channel:four4_path_tdm+fast:four4,11.722496220798488,14.677,111.9,109.3,-2.954503779201511,-2.740993869854063,-0.21350990934744818,14.463490090652552
hybrid_three,87,5Iron,A,3,channel:two8+channel:four4_path_tdm+fast:four4,11.878905427671123,15.406999999999991,118.2,115.2,-3.528094572328868,-2.740993869854063,-0.7871007024748051,14.619899297525187
hybrid_three,88,5Iron,A,3,channel:two8+channel:four4_path_tdm+fast:four4,2.3047562792411536,0.5110000000000001,98.6,87.4,1.7937562792411534,-2.740993869854063,4.534750149095217,5.045750149095216
hybrid_three,90,5Iron,A,3,channel:two8+channel:four4_path_tdm+fast:four4,10.99169721052339,12.959999999999992,120.9,118.3,-1.9683027894766028,-2.740993869854063,0.7726910803774603,13.732691080377453
hybrid_three,91,5Iron,A,3,channel:two8+channel:four4_path_tdm+fast:four4,9.90806551586054,9.892999999999994,105.6,103.0,0.015065515860547052,-2.740993869854063,2.75605938571461,12.649059385714605
hybrid_three,92,5Iron,A,3,channel:two8+channel:four4_path_tdm+fast:four4,4.6962510597924725,10.917999999999983,107.6,105.2,-6.221748940207511,-2.740993869854063,-3.4807550703534478,7.4372449296465355
hybrid_three,93,5Iron,A,3,channel:two8+channel:four4_path_tdm+fast:four4,-0.10325093356217163,1.5239999999999743,87.0,89.2,-1.627250933562146,-2.740993869854063,1.1137429362919171,2.6377429362918914
hybrid_three,94,5Iron,A,3,channel:two8+channel:four4_path_tdm+fast:four4,9.937886306307938,13.115999999999982,129.6,126.6,-3.178113693692044,-2.740993869854063,-0.437119823837981,12.678880176162
hybrid_three,95,5Iron,A,3,channel:two8+channel:four4_path_tdm+fast:four4,12.159621517435511,14.271999999999982,114.6,111.7,-2.1123784825644716,-2.740993869854063,0.6286153872895914,14.900615387289573
hybrid_three,96,5Iron,A,3,channel:two8+channel:four4_path_tdm+fast:four4,9.979868575455725,14.196999999999997,129.6,126.4,-4.217131424544272,-2.740993869854063,-1.476137554690209,12.720862445309788
hybrid_three,97,5Iron,A,3,channel:two8+channel:four4_path_tdm+fast:four4,10.457992990501095,14.368000000000002,127.40000000000002,124.3,-3.910007009498907,-2.740993869854063,-1.1690131396448438,13.19898686035516
hybrid_three,98,5Iron,A,3,channel:two8+channel:four4_path_tdm+fast:four4,12.23333941620907,14.74200000000001,132.1,128.7,-2.50866058379094,-2.740993869854063,0.2323332860631231,14.974333286063132
hybrid_three,99,5Iron,A,3,channel:two8+channel:four4_path_tdm+fast:four4,13.052002391885791,14.71499999999999,130.8,127.5,-1.662997608114198,-2.740993869854063,1.077996261739865,15.792996261739855
hybrid_three,101,5Iron,A,3,channel:two8+channel:four4_path_tdm+fast:four4,12.64836632806915,14.392000000000003,127.7,124.5,-1.7436336719308532,-2.740993869854063,0.9973601979232098,15.389360197923214
hybrid_three,103,Driver,A,3,channel:two8+channel:four4_path_tdm+fast:four4,9.653930600164776,10.004000000000007,148.1,145.2,-0.3500693998352311,-2.740993869854063,2.390924470018832,12.39492447001884
hybrid_three,104,Driver,A,3,channel:two8+channel:four4_path_tdm+fast:four4,13.762752860007097,17.990000000000002,137.7,134.2,-4.227247139992905,-2.740993869854063,-1.4862532701388416,16.50374672986116
hybrid_three,105,Driver,A,3,channel:two8+channel:four4_path_tdm+fast:four4,-1.6988285015338842,5.857999999999973,143.9,139.9,-7.556828501533857,-2.740993869854063,-4.815834631679794,1.0421653683201788
hybrid_three,112,Driver,A,3,channel:two8+channel:four4_path_tdm+fast:four4,11.008599986772277,10.008999999999974,153.4,150.6,0.9995999867723029,-2.740993869854063,3.740593856626366,13.74959385662634
hybrid_three,113,Driver,A,3,channel:two8+channel:four4_path_tdm+fast:four4,10.367687078659959,13.960999999999997,146.6,143.4,-3.593312921340038,-2.740993869854063,-0.8523190514859751,13.10868094851402
hybrid_three,114,Driver,A,3,channel:two8+channel:four4_path_tdm+fast:four4,13.16850266901959,14.620999999999993,153.8,150.2,-1.4524973309804032,-2.740993869854063,1.2884965388736598,15.909496538873654
hybrid_three,115,SandWedge,A,3,channel:two8+channel:four4_path_tdm+fast:four4,28.17000502501985,31.661999999999985,70.1,66.4,-3.491994974980134,-2.740993869854063,-0.751001105126071,30.910998894873913
hybrid_three,116,SandWedge,A,3,channel:two8+channel:four4_path_tdm+fast:four4,26.786888097694867,29.217000000000002,66.5,69.4,-2.4301119023051356,-2.740993869854063,0.3108819675489274,29.52788196754893
hybrid_three,117,SandWedge,A,3,channel:two8+channel:four4_path_tdm+fast:four4,25.75267196058215,30.729999999999986,75.6,73.9,-4.977328039417838,-2.740993869854063,-2.236334169563775,28.49366583043621
hybrid_three,118,SandWedge,A,3,channel:two8+channel:four4_path_tdm+fast:four4,29.548172382178624,33.168000000000006,72.8,70.2,-3.6198276178213824,-2.740993869854063,-0.8788337479673194,32.289166252032686
hybrid_three,119,SandWedge,A,3,channel:two8+channel:four4_path_tdm+fast:four4,23.288175873729745,26.353999999999992,74.1,71.9,-3.065824126270247,-2.740993869854063,-0.3248302564161838,26.029169743583807
hybrid_three,120,SandWedge,A,3,channel:two8+channel:four4_path_tdm+fast:four4,23.780137937007748,27.744999999999997,69.6,67.4,-3.9648620629922497,-2.740993869854063,-1.2238681931381867,26.52113180686181
hybrid_three,121,SandWedge,A,3,channel:two8+channel:four4_path_tdm+fast:four4,21.637675556954616,24.805000000000007,69.1,66.2,-3.1673244430453913,-2.740993869854063,-0.4263305731913283,24.378669426808678
hybrid_three,122,SandWedge,A,3,channel:two8+channel:four4_path_tdm+fast:four4,27.059320000302336,31.036999999999985,69.5,65.9,-3.9776799996976493,-2.740993869854063,-1.2366861298435863,29.800313870156398
hybrid_three,123,SandWedge,A,3,channel:two8+channel:four4_path_tdm+fast:four4,26.083499535570443,29.30099999999999,81.8,77.9,-3.2175004644295484,-2.740993869854063,-0.4765065945754854,28.824493405424505
hybrid_three,124,SandWedge,A,3,channel:two8+channel:four4_path_tdm+fast:four4,24.765335092407497,28.975,84.19999999999999,80.3,-4.209664907592504,-2.740993869854063,-1.4686710377384413,27.50632896226156
hybrid_three,130,9Iron (relabeled),B,3,channel:two8+channel:four4_path_tdm+fast:four4,21.37288854456803,22.888999999999974,102.29999999999998,96.7,-1.5161114554319433,-2.740993869854063,1.2248824144221198,24.113882414422093
hybrid_three,131,9Iron (relabeled),B,3,channel:two8+channel:four4_path_tdm+fast:four4,19.297675092116744,20.895000000000007,110.2,104.9,-1.5973249078832623,-2.740993869854063,1.1436689619708007,22.038668961970806
hybrid_three,132,9Iron (relabeled),B,3,channel:two8+channel:four4_path_tdm+fast:four4,17.618298795863424,18.08299999999998,92.70000000000002,88.3,-0.46470120413655636,-2.740993869854063,2.2762926657175067,20.359292665717486
hybrid_three,133,9Iron,B,3,channel:two8+channel:four4_path_tdm+fast:four4,19.64570300793551,21.477999999999987,106.2,100.9,-1.832296992064478,-2.740993869854063,0.908696877789585,22.38669687778957
hybrid_three,134,9Iron,B,3,channel:two8+channel:four4_path_tdm+fast:four4,13.243738587769329,15.599999999999998,108.1,103.5,-2.356261412230669,-2.740993869854063,0.3847324576233939,15.984732457623391
hybrid_three,137,9Iron,B,3,channel:two8+channel:four4_path_tdm+fast:four4,16.62690182650483,18.307,112.0,106.9,-1.6800981734951677,-2.740993869854063,1.0608956963588954,19.367895696358893
hybrid_three,142,9Iron,C,3,channel:two8+channel:four4_path_tdm+fast:four4,15.821016336191123,15.446,101.9,98.5,0.3750163361911234,-2.740993869854063,3.1160102060451864,18.562010206045187
hybrid_three,144,9Iron,C,3,channel:two8+channel:four4_path_tdm+fast:four4,19.2112117161707,21.873,105.6,101.4,-2.6617882838293028,-2.740993869854063,0.07920558602476024,21.95220558602476
hybrid_three,145,9Iron,C,3,channel:two8+channel:four4_path_tdm+fast:four4,18.832359654664756,21.694999999999986,109.0,104.8,-2.8626403453352296,-2.740993869854063,-0.12164647548116658,21.57335352451882
hybrid_three,146,9Iron,C,3,channel:two8+channel:four4_path_tdm+fast:four4,5.764472313027579,6.429999999999999,93.7,92.1,-0.6655276869724203,-2.740993869854063,2.0754661828816428,8.50546618288164
hybrid_three,147,9Iron,C,3,channel:two8+channel:four4_path_tdm+fast:four4,21.521229564712584,23.108,107.39999999999999,102.9,-1.5867704352874163,-2.740993869854063,1.1542234345666467,24.262223434566646
hybrid_three,149,9Iron,C,3,channel:two8+channel:four4_path_tdm+fast:four4,23.275278717511558,23.08599999999999,113.1,108.3,0.18927871751156644,-2.740993869854063,2.9302725873656295,26.01627258736562
hybrid_three,151,9Iron,C,3,channel:two8+channel:four4_path_tdm+fast:four4,15.414862835044644,19.529000000000003,103.0,99.0,-4.114137164955359,-2.740993869854063,-1.373143295101296,18.155856704898707
hybrid_three,152,7Iron,C,3,channel:two8+channel:four4_path_tdm+fast:four4,15.16028763560638,16.805000000000007,117.0,113.1,-1.6447123643936266,-2.740993869854063,1.0962815054604365,17.901281505460442
hybrid_three,167,7Iron,C,3,channel:two8+channel:four4_path_tdm+fast:four4,16.216208271509178,17.914999999999985,127.19999999999999,123.0,-1.6987917284908072,-2.740993869854063,1.0422021413632558,18.95720214136324
hybrid_three,168,7Iron,C,3,channel:two8+channel:four4_path_tdm+fast:four4,15.230299915085267,20.05000000000001,122.8,118.5,-4.819700084914745,-2.740993869854063,-2.0787062150606817,17.97129378493933
lcmf_v1,62,9Iron,A,5,channel:two8+channel:four4_path_tdm+fast:direct1+fast:two2+fast:four4,15.155326484664272,16.77799999999999,99.7,96.9,-1.6226735153357197,-2.8387689101987568,1.216095394863037,17.994095394863027
lcmf_v1,63,9Iron,A,5,channel:two8+channel:four4_path_tdm+fast:direct1+fast:two2+fast:four4,7.452936151677261,11.487999999999987,89.30000000000001,87.6,-4.035063848322726,-2.8387689101987568,-1.1962949381239691,10.291705061876018
lcmf_v1,64,9Iron,A,5,channel:two8+channel:four4_path_tdm+fast:direct1+fast:two2+fast:four4,17.51455688281906,20.468999999999983,110.2,106.7,-2.9544431171809222,-2.8387689101987568,-0.11567420698216546,20.353325793017817
lcmf_v1,65,9Iron,A,5,channel:two8+channel:four4_path_tdm+fast:direct1+fast:two2+fast:four4,15.29502755647319,17.449000000000005,111.3,108.0,-2.153972443526815,-2.8387689101987568,0.6847964666719419,18.133796466671946
lcmf_v1,66,9Iron,A,5,channel:two8+channel:four4_path_tdm+fast:direct1+fast:two2+fast:four4,17.076479051515058,21.533999999999995,111.9,108.5,-4.457520948484937,-2.8387689101987568,-1.6187520382861806,19.915247961713813
lcmf_v1,67,9Iron,A,5,channel:two8+channel:four4_path_tdm+fast:direct1+fast:two2+fast:four4,18.89611079096809,21.057999999999993,107.9,104.5,-2.1618892090319015,-2.8387689101987568,0.6768797011668553,21.734879701166847
lcmf_v1,68,9Iron,A,5,channel:two8+channel:four4_path_tdm+fast:direct1+fast:two2+fast:four4,0.5784592789907921,5.689999999999997,107.9,106.6,-5.111540721009205,-2.8387689101987568,-2.272771810810448,3.417228189189549
lcmf_v1,69,9Iron,A,5,channel:two8+channel:four4_path_tdm+fast:direct1+fast:two2+fast:four4,19.13205831559224,21.013999999999996,116.8,113.2,-1.8819416844077566,-2.8387689101987568,0.9568272257910002,21.970827225790995
lcmf_v1,70,9Iron,A,5,channel:two8+channel:four4_path_tdm+fast:direct1+fast:two2+fast:four4,19.330385754193337,22.12999999999998,109.0,105.3,-2.7996142458066444,-2.8387689101987568,0.03915466439211235,22.169154664392092
lcmf_v1,71,9Iron,A,5,channel:two8+channel:four4_path_tdm+fast:direct1+fast:two2+fast:four4,18.899521269085195,21.279999999999987,110.60000000000001,107.1,-2.380478730914792,-2.8387689101987568,0.45829017928396487,21.73829017928395
lcmf_v1,72,7Iron,A,5,channel:two8+channel:four4_path_tdm+fast:direct1+fast:two2+fast:four4,3.9840886397807673,1.6789999999999963,76.5,77.1,2.305088639780771,-2.8387689101987568,5.143857549979527,6.822857549979524
lcmf_v1,73,7Iron,A,5,channel:two8+channel:four4_path_tdm+fast:direct1+fast:two2+fast:four4,16.477001664255774,18.677999999999987,112.9,109.8,-2.200998335744213,-2.8387689101987568,0.6377705744545437,19.31577057445453
lcmf_v1,74,7Iron,A,5,channel:two8+channel:four4_path_tdm+fast:direct1+fast:two2+fast:four4,15.363411789691465,16.30699999999998,120.60000000000001,117.2,-0.9435882103085156,-2.8387689101987568,1.8951806998902412,18.20218069989022
lcmf_v1,75,7Iron,A,5,channel:two8+channel:four4_path_tdm+fast:direct1+fast:two2+fast:four4,15.590565858031473,17.240999999999993,117.8,114.4,-1.6504341419685193,-2.8387689101987568,1.1883347682302374,18.42933476823023
lcmf_v1,76,7Iron,A,5,channel:two8+channel:four4_path_tdm+fast:direct1+fast:two2+fast:four4,10.064700277746415,12.092000000000013,103.99999999999999,101.8,-2.0272997222535984,-2.8387689101987568,0.8114691879451583,12.903469187945172
lcmf_v1,77,7Iron,A,5,channel:two8+channel:four4_path_tdm+fast:direct1+fast:two2+fast:four4,12.2903677544034,13.927999999999987,103.9,101.4,-1.6376322455965866,-2.8387689101987568,1.2011366646021702,15.129136664602157
lcmf_v1,78,7Iron,A,5,channel:two8+channel:four4_path_tdm+fast:direct1+fast:two2+fast:four4,-0.6703801433801424,6.121999999999985,69.3,71.0,-6.792380143380127,-2.8387689101987568,-3.95361123318137,2.168388766818614
lcmf_v1,79,7Iron,A,5,channel:two8+channel:four4_path_tdm+fast:direct1+fast:two2+fast:four4,10.805079740786578,15.657999999999998,111.3,108.2,-4.85292025921342,-2.8387689101987568,-2.014151349014663,13.643848650985335
lcmf_v1,80,7Iron,A,5,channel:two8+channel:four4_path_tdm+fast:direct1+fast:two2+fast:four4,12.69232835413215,14.687999999999988,106.1,103.4,-1.995671645867839,-2.8387689101987568,0.8430972643309178,15.531097264330906
lcmf_v1,81,7Iron,A,5,channel:two8+channel:four4_path_tdm+fast:direct1+fast:two2+fast:four4,6.310804291301266,9.146999999999982,109.0,106.5,-2.8361957086987166,-2.8387689101987568,0.0025732015000401454,9.149573201500022
lcmf_v1,82,7Iron,A,5,channel:two8+channel:four4_path_tdm+fast:direct1+fast:two2+fast:four4,14.091689447481647,17.27599999999998,108.6,105.6,-3.1843105525183315,-2.8387689101987568,-0.34554164231957474,16.930458357680404
lcmf_v1,83,7Iron,A,5,channel:two8+channel:four4_path_tdm+fast:direct1+fast:two2+fast:four4,15.117472112317818,18.87599999999999,112.0,108.5,-3.758527887682172,-2.8387689101987568,-0.9197589774834154,17.956241022516576
lcmf_v1,84,7Iron,A,5,channel:two8+channel:four4_path_tdm+fast:direct1+fast:two2+fast:four4,13.47546927221787,16.949999999999992,122.0,118.6,-3.4745307277821222,-2.8387689101987568,-0.6357618175833655,16.314238182416627
lcmf_v1,86,5Iron,A,5,channel:two8+channel:four4_path_tdm+fast:direct1+fast:two2+fast:four4,11.766569006087527,14.677,111.9,109.3,-2.910430993912472,-2.8387689101987568,-0.07166208371371541,14.605337916286285
lcmf_v1,87,5Iron,A,5,channel:two8+channel:four4_path_tdm+fast:direct1+fast:two2+fast:four4,12.354244373604608,15.406999999999991,118.2,115.2,-3.052755626395383,-2.8387689101987568,-0.21398671619662624,15.193013283803365
lcmf_v1,88,5Iron,A,5,channel:two8+channel:four4_path_tdm+fast:direct1+fast:two2+fast:four4,-0.02413031304299622,0.5110000000000001,98.6,87.4,-0.5351303130429963,-2.8387689101987568,2.3036385971557607,2.8146385971557604
lcmf_v1,90,5Iron,A,5,channel:two8+channel:four4_path_tdm+fast:direct1+fast:two2+fast:four4,9.627349709856631,12.959999999999992,120.9,118.3,-3.332650290143361,-2.8387689101987568,-0.49388137994460424,12.466118620055388
lcmf_v1,91,5Iron,A,5,channel:two8+channel:four4_path_tdm+fast:direct1+fast:two2+fast:four4,9.105088277179263,9.892999999999994,105.6,103.0,-0.7879117228207306,-2.8387689101987568,2.050857187378026,11.94385718737802
lcmf_v1,92,5Iron,A,5,channel:two8+channel:four4_path_tdm+fast:direct1+fast:two2+fast:four4,5.621366643162317,10.917999999999983,107.6,105.2,-5.296633356837666,-2.8387689101987568,-2.4578644466389092,8.460135553361074
lcmf_v1,93,5Iron,A,5,channel:two8+channel:four4_path_tdm+fast:direct1+fast:two2+fast:four4,-1.5055678629095377,1.5239999999999743,87.0,89.2,-3.029567862909512,-2.8387689101987568,-0.1907989527107552,1.333201047289219
lcmf_v1,94,5Iron,A,5,channel:two8+channel:four4_path_tdm+fast:direct1+fast:two2+fast:four4,9.689794978134127,13.115999999999982,129.6,126.6,-3.4262050218658544,-2.8387689101987568,-0.5874361116670976,12.528563888332885
lcmf_v1,95,5Iron,A,5,channel:two8+channel:four4_path_tdm+fast:direct1+fast:two2+fast:four4,13.020153161563806,14.271999999999982,114.6,111.7,-1.251846838436176,-2.8387689101987568,1.5869220717625807,15.858922071762564
lcmf_v1,96,5Iron,A,5,channel:two8+channel:four4_path_tdm+fast:direct1+fast:two2+fast:four4,10.40222270120014,14.196999999999997,129.6,126.4,-3.7947772987998576,-2.8387689101987568,-0.9560083886011008,13.240991611398897
lcmf_v1,97,5Iron,A,5,channel:two8+channel:four4_path_tdm+fast:direct1+fast:two2+fast:four4,9.728820502336712,14.368000000000002,127.40000000000002,124.3,-4.6391794976632905,-2.8387689101987568,-1.8004105874645338,12.567589412535469
lcmf_v1,98,5Iron,A,5,channel:two8+channel:four4_path_tdm+fast:direct1+fast:two2+fast:four4,11.874563052001374,14.74200000000001,132.1,128.7,-2.8674369479986357,-2.8387689101987568,-0.02866803779987892,14.713331962200131
lcmf_v1,99,5Iron,A,5,channel:two8+channel:four4_path_tdm+fast:direct1+fast:two2+fast:four4,11.893038011209935,14.71499999999999,130.8,127.5,-2.821961988790054,-2.8387689101987568,0.016806921408702546,14.731806921408692
lcmf_v1,101,5Iron,A,5,channel:two8+channel:four4_path_tdm+fast:direct1+fast:two2+fast:four4,12.728763489605674,14.392000000000003,127.7,124.5,-1.663236510394329,-2.8387689101987568,1.1755323998044278,15.567532399804431
lcmf_v1,103,Driver,A,5,channel:two8+channel:four4_path_tdm+fast:direct1+fast:two2+fast:four4,9.15574943374537,10.004000000000007,148.1,145.2,-0.8482505662546362,-2.8387689101987568,1.9905183439441205,11.994518343944128
lcmf_v1,104,Driver,A,5,channel:two8+channel:four4_path_tdm+fast:direct1+fast:two2+fast:four4,13.889489139647882,17.990000000000002,137.7,134.2,-4.10051086035212,-2.8387689101987568,-1.2617419501533633,16.728258049846637
lcmf_v1,105,Driver,A,5,channel:two8+channel:four4_path_tdm+fast:direct1+fast:two2+fast:four4,0.5037769098231524,5.857999999999973,143.9,139.9,-5.354223090176821,-2.8387689101987568,-2.515454179978064,3.3425458200219094
lcmf_v1,112,Driver,A,5,channel:two8+channel:four4_path_tdm+fast:direct1+fast:two2+fast:four4,10.400278748749363,10.008999999999974,153.4,150.6,0.3912787487493894,-2.8387689101987568,3.230047658948146,13.23904765894812
lcmf_v1,113,Driver,A,5,channel:two8+channel:four4_path_tdm+fast:direct1+fast:two2+fast:four4,10.788243475072125,13.960999999999997,146.6,143.4,-3.1727565249278715,-2.8387689101987568,-0.33398761472911476,13.627012385270882
lcmf_v1,114,Driver,A,5,channel:two8+channel:four4_path_tdm+fast:direct1+fast:two2+fast:four4,13.134672659431875,14.620999999999993,153.8,150.2,-1.4863273405681188,-2.8387689101987568,1.352441569630638,15.973441569630632
lcmf_v1,115,SandWedge,A,5,channel:two8+channel:four4_path_tdm+fast:direct1+fast:two2+fast:four4,28.63539829833369,31.661999999999985,70.1,66.4,-3.0266017016662943,-2.8387689101987568,-0.1878327914675375,31.474167208532446
lcmf_v1,116,SandWedge,A,5,channel:two8+channel:four4_path_tdm+fast:direct1+fast:two2+fast:four4,27.65448770474557,29.217000000000002,66.5,69.4,-1.5625122952544324,-2.8387689101987568,1.2762566149443244,30.493256614944325
lcmf_v1,117,SandWedge,A,5,channel:two8+channel:four4_path_tdm+fast:direct1+fast:two2+fast:four4,25.690063882135924,30.729999999999986,75.6,73.9,-5.0399361178640625,-2.8387689101987568,-2.2011672076653057,28.52883279233468
lcmf_v1,118,SandWedge,A,5,channel:two8+channel:four4_path_tdm+fast:direct1+fast:two2+fast:four4,29.22043078417223,33.168000000000006,72.8,70.2,-3.9475692158277766,-2.8387689101987568,-1.1088003056290199,32.05919969437099
lcmf_v1,119,SandWedge,A,5,channel:two8+channel:four4_path_tdm+fast:direct1+fast:two2+fast:four4,23.888147056071432,26.353999999999992,74.1,71.9,-2.46585294392856,-2.8387689101987568,0.37291596627019663,26.726915966270187
lcmf_v1,120,SandWedge,A,5,channel:two8+channel:four4_path_tdm+fast:direct1+fast:two2+fast:four4,23.920595535490527,27.744999999999997,69.6,67.4,-3.8244044645094704,-2.8387689101987568,-0.9856355543107136,26.759364445689283
lcmf_v1,121,SandWedge,A,5,channel:two8+channel:four4_path_tdm+fast:direct1+fast:two2+fast:four4,21.727489680281927,24.805000000000007,69.1,66.2,-3.0775103197180798,-2.8387689101987568,-0.238741409519323,24.566258590480682
lcmf_v1,122,SandWedge,A,5,channel:two8+channel:four4_path_tdm+fast:direct1+fast:two2+fast:four4,27.5752472629239,31.036999999999985,69.5,65.9,-3.461752737076086,-2.8387689101987568,-0.6229838268773293,30.414016173122654
lcmf_v1,123,SandWedge,A,5,channel:two8+channel:four4_path_tdm+fast:direct1+fast:two2+fast:four4,26.11746100056036,29.30099999999999,81.8,77.9,-3.18353899943963,-2.8387689101987568,-0.3447700892408734,28.956229910759117
lcmf_v1,124,SandWedge,A,5,channel:two8+channel:four4_path_tdm+fast:direct1+fast:two2+fast:four4,24.698979863545613,28.975,84.19999999999999,80.3,-4.276020136454388,-2.8387689101987568,-1.4372512262556314,27.53774877374437
lcmf_v1,130,9Iron (relabeled),B,5,channel:two8+channel:four4_path_tdm+fast:direct1+fast:two2+fast:four4,21.495477029271004,22.888999999999974,102.29999999999998,96.7,-1.39352297072897,-2.8387689101987568,1.4452459394697867,24.33424593946976
lcmf_v1,131,9Iron (relabeled),B,5,channel:two8+channel:four4_path_tdm+fast:direct1+fast:two2+fast:four4,19.611009316734854,20.895000000000007,110.2,104.9,-1.2839906832651522,-2.8387689101987568,1.5547782269336046,22.44977822693361
lcmf_v1,132,9Iron (relabeled),B,5,channel:two8+channel:four4_path_tdm+fast:direct1+fast:two2+fast:four4,17.275003561119096,18.08299999999998,92.70000000000002,88.3,-0.8079964388808847,-2.8387689101987568,2.030772471317872,20.11377247131785
lcmf_v1,133,9Iron,B,5,channel:two8+channel:four4_path_tdm+fast:direct1+fast:two2+fast:four4,19.53509020496471,21.477999999999987,106.2,100.9,-1.942909795035277,-2.8387689101987568,0.8958591151634798,22.373859115163466
lcmf_v1,134,9Iron,B,5,channel:two8+channel:four4_path_tdm+fast:direct1+fast:two2+fast:four4,12.038394524343445,15.599999999999998,108.1,103.5,-3.5616054756565525,-2.8387689101987568,-0.7228365654577957,14.877163434542203
lcmf_v1,137,9Iron,B,5,channel:two8+channel:four4_path_tdm+fast:direct1+fast:two2+fast:four4,15.819808970806463,18.307,112.0,106.9,-2.4871910291935357,-2.8387689101987568,0.351577881005221,18.65857788100522
lcmf_v1,142,9Iron,C,5,channel:two8+channel:four4_path_tdm+fast:direct1+fast:two2+fast:four4,14.228258871007304,15.446,101.9,98.5,-1.2177411289926958,-2.8387689101987568,1.621027781206061,17.06702778120606
lcmf_v1,144,9Iron,C,5,channel:two8+channel:four4_path_tdm+fast:direct1+fast:two2+fast:four4,18.85907072996115,21.873,105.6,101.4,-3.013929270038851,-2.8387689101987568,-0.17516035984009415,21.697839640159906
lcmf_v1,145,9Iron,C,5,channel:two8+channel:four4_path_tdm+fast:direct1+fast:two2+fast:four4,18.14852292037648,21.694999999999986,109.0,104.8,-3.5464770796235072,-2.8387689101987568,-0.7077081694247505,20.987291830575234
lcmf_v1,146,9Iron,C,5,channel:two8+channel:four4_path_tdm+fast:direct1+fast:two2+fast:four4,4.840892363831058,6.429999999999999,93.7,92.1,-1.589107636168941,-2.8387689101987568,1.2496612740298159,7.679661274029815
lcmf_v1,147,9Iron,C,5,channel:two8+channel:four4_path_tdm+fast:direct1+fast:two2+fast:four4,19.965102376155816,23.108,107.39999999999999,102.9,-3.142897623844185,-2.8387689101987568,-0.30412871364542804,22.80387128635457
lcmf_v1,149,9Iron,C,5,channel:two8+channel:four4_path_tdm+fast:direct1+fast:two2+fast:four4,22.9438451116837,23.08599999999999,113.1,108.3,-0.1421548883162913,-2.8387689101987568,2.6966140218824655,25.782614021882456
lcmf_v1,151,9Iron,C,5,channel:two8+channel:four4_path_tdm+fast:direct1+fast:two2+fast:four4,15.528387320707788,19.529000000000003,103.0,99.0,-4.000612679292216,-2.8387689101987568,-1.1618437690934589,18.367156230906545
lcmf_v1,152,7Iron,C,5,channel:two8+channel:four4_path_tdm+fast:direct1+fast:two2+fast:four4,15.529636924832255,16.805000000000007,117.0,113.1,-1.2753630751677516,-2.8387689101987568,1.5634058350310052,18.368405835031012
lcmf_v1,167,7Iron,C,5,channel:two8+channel:four4_path_tdm+fast:direct1+fast:two2+fast:four4,14.05657478740718,17.914999999999985,127.19999999999999,123.0,-3.8584252125928042,-2.8387689101987568,-1.0196563023940475,16.895343697605938
lcmf_v1,168,7Iron,C,5,channel:two8+channel:four4_path_tdm+fast:direct1+fast:two2+fast:four4,15.038856125162534,20.05000000000001,122.8,118.5,-5.011143874837478,-2.8387689101987568,-2.172374964638721,17.87762503536129
