shot,club,block,n_snapshots,n_frames,window,n_fft,trackman_launch_deg,trackman_ball_ms,radar_height_m,tilt_deg,median_all_cross_asym_db,median_all_cross_excess_fraction,median_all_double_asym_db,median_all_double_excess_fraction,median_all_shoulder_asym_db,median_all_peak_shift_cm,median_early_cross_asym_db,median_early_cross_excess_fraction,median_early_double_asym_db,median_early_double_excess_fraction,median_early_shoulder_asym_db,median_early_peak_shift_cm,median_late_cross_asym_db,median_late_cross_excess_fraction,median_late_double_asym_db,median_late_double_excess_fraction,median_late_shoulder_asym_db,median_late_peak_shift_cm,median_cross_excess_cm,median_double_excess_cm,median_angle_separation_deg,median_reflection_point_m
62,9Iron,A,25,7,rectangular,1024,16.77799999999999,44.569814121076114,0.1524,10.404948650719305,-0.811702727398358,-0.08888526841511213,-0.5249451869870754,-0.02679868228040785,-1.1131352558267118,-0.28822451087511247,-2.036580283080129,-0.23885523607769873,-1.4370335748120455,-0.04875383106901233,-1.6734923508270811,-0.5556870693090854,-0.3012277386865729,-0.04139364354346381,-0.4801258643060736,-0.006767229297255493,-1.0900297713556295,-0.10617838580851968,2.309769115208571,4.619538230417142,17.412555575782257,0.7437859456877515
63,9Iron,A,16,4,rectangular,1024,11.487999999999987,39.92060582760378,0.1524,10.404948650719305,0.5565279162012716,0.11728083506904305,-0.0068241523330064835,0.018930514486454386,0.17991827181007497,0.24627900032367367,-0.18460738512154656,-0.032644932386195986,-0.7321730419408625,-0.04729434064028045,-0.9577564631215503,-0.14863965469478213,0.8250413757805393,0.1520506613059071,1.0325108037746105,0.12213977812624358,0.757326966147319,0.2982310033663227,1.418827293737135,2.83765458747427,10.666081418551077,1.0030072176301053
64,9Iron,A,22,7,rectangular,1024,20.468999999999983,49.263726340447214,0.1524,10.404948650719305,-0.013620537062031316,-0.0019026921865166245,0.05718463995375941,0.002123514868875735,0.17016738581312635,0.09070174062578151,-0.1334079274140851,-0.012269897191498546,-1.6265903437000846,-0.044140569157053465,-0.4306880886636899,-0.005628041462618638,0.7669800727288154,0.061706162225113104,0.7620285248301342,0.023250347610329986,0.5071583107261854,-0.021671868747624723,2.7130779339884725,5.426155867976945,20.481874926733937,0.6503258117595764
65,9Iron,A,25,7,rectangular,1024,17.449000000000005,49.75546952533371,0.1524,10.404948650719305,-2.0726907823007017,-0.28363774116762247,-3.5295650691533345,-0.11615142651426828,-2.7195779425704254,-0.4739282965405711,-3.2531866217840157,-0.3287947544123112,-3.895370256530434,-0.1701069312917484,-3.4720801227807256,-0.5867141002284582,-1.608232664648108,-0.23326774620322815,-2.8055307096555318,-0.10159307377996804,-2.5638848824938094,-0.4739282965405711,2.397011687880668,4.794023375761336,18.075606447590822,0.7223149015488257
66,9Iron,A,20,5,rectangular,1024,21.533999999999995,50.023693080726346,0.1524,10.404948650719305,2.0546480192995,0.1992505081643749,0.703160259748171,0.019188614506887306,1.3348506652435295,0.24820710253882772,0.8013159578007274,0.0967052119128178,0.8307230478298029,0.019328025990859823,0.07326355680683819,0.14835143006040608,2.798062081492237,0.2564564879828825,0.4786929193254597,0.014313869139414476,1.3196042650265307,0.436882504182623,2.8475994948523042,5.6951989897046085,21.50942147494991,0.6255257799251778
67,9Iron,A,22,6,rectangular,1024,21.057999999999993,48.23553604477545,0.1524,10.404948650719305,-3.7271851929637956,-0.40648036761103523,-2.9445557891541556,-0.10398263622376921,-3.5682899636748,-0.595349335884171,-4.0329058032427785,-0.5546091504794892,-3.3949965210850053,-0.1591883769175187,-4.275701464475945,-1.1280079736455062,-1.908812676649799,-0.25354201380067676,-1.9228860053630858,-0.04699818597724858,-2.789009022298104,-0.31566780528751726,2.6082585966931027,5.216517193386205,19.67889549826336,0.660964546883451
68,9Iron,A,20,5,rectangular,1024,5.689999999999997,48.23553604477545,0.1524,10.404948650719305,0.21719002859908465,0.04534998075400283,0.46207145178192943,0.07168359258437046,0.32840850558685486,0.12920360333665282,0.24717376458437718,0.051319868927571496,0.6014122890289206,0.09243188886897498,-0.07967329672295406,0.1787978152895331,0.2010193986523442,0.041558295215078804,0.3684458308938119,0.054214522971532814,0.2685720927771761,0.06811098974530694,0.8745533368726965,1.749106673745393,6.570383397192362,1.3805609237244483
69,9Iron,A,19,7,rectangular,1024,21.013999999999996,52.21418544976619,0.1524,10.404948650719305,1.5421444969885023,0.08029706236990526,0.5495563911593013,0.02953528710188297,0.16890110160119723,0.11547774488144258,-0.6055942895343215,-0.05810836873230785,-1.1464216301335117,-0.03047139823437479,-1.1038291480620164,-0.17182887534871183,2.890320340065828,0.27032542739369825,1.6513954590373023,0.05987905893109713,1.9955667224524756,0.465316713825914,2.7398578407444862,5.4797156814889725,20.68534627546085,0.6427526723379009
70,9Iron,A,22,7,rectangular,1024,22.12999999999998,48.727279229661946,0.1524,10.404948650719305,0.20200264572781168,0.02480019058147411,-1.4459588195337092,-0.041017311051113226,-0.081023350075891,-0.004747200413035557,0.0751475772566087,0.007970890114898006,-1.9071949866294324,-0.0386776135838398,-0.8040504483876922,0.06399799274987017,-1.1165835506298125,-0.10591389257928271,-0.5644527376066512,-0.014302045981294658,-0.38096651886353267,-0.20220508241265978,2.935175043800109,5.870350087600218,22.179391469162702,0.6104735070053554
71,9Iron,A,18,6,rectangular,1024,21.279999999999987,49.442542044042305,0.1524,10.404948650719305,-0.7611256569654917,-0.08369189873451037,0.12380073142676745,0.004583983670901692,-0.8325031686184092,-0.0256475907572995,-1.0051502515720008,-0.1229843197373808,1.1719225462571552,0.037258394150591366,-0.7876854477989944,-0.4237865021419873,0.05977420106836635,0.005761031208978138,-1.516351419394088,-0.034179905321297215,0.20531302831137668,-0.07966926944185104,2.8091731726451297,5.618346345290259,21.215627946878445,0.6321818264197856
72,7Iron,A,29,8,rectangular,1024,1.6789999999999963,34.19850331256091,0.1524,10.404948650719305,0.09212792419086484,0.0209430076952593,0.17069996544369112,0.03716582750826052,0.3617001778228915,0.09219152116469731,0.05289432325117616,0.011998157556184693,0.09506554510940846,0.02008963621108485,-0.520160157758913,-0.06548777721767651,0.2099512606212181,0.04751301287717749,0.4329493456912503,0.09434261533320885,0.8116874276114648,0.36305769734861215,0.3720232386989153,0.7440464773978306,2.793670820389339,1.9708470209167273
73,7Iron,A,20,6,rectangular,1024,18.677999999999987,50.470732339714075,0.1524,10.404948650719305,-1.6850805746110273,-0.1742398583065961,-1.8111333389748003,-0.04956022544628958,-1.5285812640656244,-0.5473606838240275,-1.1881470701247814,-0.1370857847732222,-0.9596043000717875,-0.043973405443480613,-1.1335594455668767,-0.14791883719760812,-2.1994001010357636,-0.2879444568450644,-1.9681029620588395,-0.053898421669400245,-1.276490875224324,-0.3673315857399384,2.4854899919451223,4.970979983890245,18.747424699345338,0.6973938455064131
74,7Iron,A,17,5,rectangular,1024,16.30699999999998,53.91293463391955,0.1524,10.404948650719305,-0.3090656683455627,-0.049561472411128384,0.3169169386450293,0.019308411605444532,0.5342117683510071,-0.11243597481901402,-1.3722408725462365,-0.1962716147080225,-0.563796432709702,-0.05694058498322487,-0.6934896791555155,-0.2951408742600581,0.5886861624462658,0.07526805065201757,1.5240021876118686,0.08797833052362392,0.42986272903925477,0.2907966257399419,2.245325921348318,4.490651842696636,16.922831067916306,0.7589463890119509
75,7Iron,A,22,7,rectangular,1024,17.240999999999993,52.66122470875392,0.1524,10.404948650719305,-0.10141078082873758,-0.010713207820710733,-0.26266504372593147,-0.01606815399639805,-0.30852741972063186,-0.12011029087162228,-2.64138886862251,-0.37653197723241155,-1.459461472886352,-0.042057386802048784,-2.365083141287547,-0.6540637822828599,0.8192728119114849,0.10796930484233938,1.2623565108504877,0.024967847928398942,0.7493417622314512,0.1156813967730097,2.350958417558935,4.70191683511787,17.725037975604877,0.7315387118095754
76,7Iron,A,21,6,rectangular,1024,12.092000000000013,46.49208293472332,0.1524,10.404948650719305,-0.6375737696605731,-0.11209935224735709,-0.9417087300147362,-0.03383939088474252,-0.5706031669801926,-0.20106618702387946,-0.5888358483779156,-0.10142176069484539,-1.683685204420302,-0.10716708608786536,-1.8359519511415487,-0.28841353762110167,-0.786718136020048,-0.13960423531771043,-1.8140939249870356,-0.1444841452605819,-1.8482115821814031,-0.25667133686884114,1.5121371067045475,3.024274213409095,11.369887979679831,0.9651732900795856
77,7Iron,A,19,6,rectangular,1024,13.927999999999987,46.447379008824555,0.1524,10.404948650719305,0.25065744047406785,0.04292181731994372,0.6666469541572517,0.03272377808347575,0.0632512929307174,-0.06297949325527741,-2.3909473601001348,-0.3750918047154654,-2.8495230626001513,-0.23893655097163138,-1.9992615170763772,-0.6527529715466551,0.42894043642922464,0.0713915225575887,1.837979880689423,0.08193885032950181,0.6094020995191921,0.06747165648204323,1.8356300995302055,3.671260199060411,13.816256123475258,0.8681071404914379
78,7Iron,A,20,5,rectangular,1024,6.121999999999985,30.97982064784929,0.1524,10.404948650719305,0.11478764489140889,0.02391802739031755,0.2892779267218479,0.044692773355307705,0.08867240393621215,0.017477673487126255,0.045176183566287054,0.009443723892814206,0.15721629854841174,0.024166846179891843,-0.12594259067450816,0.017477673487126255,0.2616245777314188,0.054017518279112935,0.5448676766228959,0.07940523171694425,0.4963205315203798,0.16229150313209484,0.8401431064723353,1.6802862129446705,6.309573713719115,1.337716895253092
79,7Iron,A,23,7,rectangular,1024,15.657999999999998,49.75546952533371,0.1524,10.404948650719305,-4.929912369135658,-0.7412204414769691,-5.476026417220632,-0.34326747693648907,-4.765574824138537,-1.2719406595505522,-5.618613413420276,-0.9078043601802865,-7.358495622788126,-0.720807136490859,-5.547157875697812,-1.8578781595505522,-4.11892121164523,-0.5829309545212743,-5.00718381238663,-0.23005015753463434,-4.300020241760364,-1.1025100018661638,1.9777349304628045,3.955469860925609,14.88989545655567,0.8128228403786634
80,7Iron,A,23,6,rectangular,1024,14.687999999999988,47.430865378597545,0.1524,10.404948650719305,-2.4955146883355668,-0.3639154062736067,-3.5690476886645217,-0.22619116794185573,-3.437021876769678,-0.830108161062082,-3.935636580992072,-0.6223194069518495,-5.461008821236089,-0.33783382500899434,-5.142273548830778,-0.9651056238842659,-2.019120909661207,-0.31609549729140846,-2.9908461894324327,-0.20651213895305545,-3.2690097193101657,-0.607119715326998,1.8718575759894884,3.743715151978977,14.088725148514298,0.8461074994915314
81,7Iron,A,22,6,rectangular,1024,9.146999999999982,48.727279229661946,0.1524,10.404948650719305,-1.135203609355306,-0.2114384675957659,-1.8985745349028642,-0.20159499301403372,-2.308753627210958,-0.41373880654481665,-0.9448921924866669,-0.18387997924204974,-1.2684643646348195,-0.1731110928306909,-1.4663667133056333,-0.33365810870649715,-1.9707446416087062,-0.3800421841501183,-3.415731136494905,-0.4300925594225846,-3.4634429387826775,-0.8686418509150418,1.2130658970667563,2.4261317941335125,9.116059131796252,1.1100366775457713
82,7Iron,A,23,6,rectangular,1024,17.27599999999998,48.548463526066854,0.1524,10.404948650719305,-0.29458283827431997,-0.03803100499276011,-0.6210930652339537,-0.025860059797471028,-0.4689786741469329,-0.08819888412644472,-2.202495038163777,-0.25859589204115424,-1.7752035221199165,-0.08872904749349966,-2.100986200123516,-0.4952770562076214,0.6480919638228543,0.0877539589128526,1.596788453779264,0.03361962314136701,0.6011541075731431,0.16970090948592587,2.2022425912240573,4.404485182448115,16.5925404598983,0.7556428417146562
83,7Iron,A,20,5,rectangular,1024,18.87599999999999,50.06839700662512,0.1524,10.404948650719305,0.0800952684296452,0.008434188356878035,-0.32899003719245523,-0.016420422371979482,-0.2743805703084036,-0.024578274691205992,0.0678629672180073,0.006045054252049112,-2.17698531224931,-0.07128640050325336,-0.6155690185161656,0.10160919066137808,-0.8976443116935561,-0.11347326173248612,0.43500035136463217,0.02887051950187346,-0.7575796605841397,-0.21385947272010708,2.4691407043011426,4.938281408602285,18.62202001539187,0.6976842000458159
84,7Iron,A,12,3,rectangular,1024,16.949999999999992,54.53878959650236,0.1524,10.404948650719305,0.9368875590704271,0.14799961611246185,-2.081506800078129,-0.14363493645319073,-0.8666410361706104,0.23824287401092992,0.31190296905497605,0.05009304862936916,-1.6710126004331782,-0.09695917988806374,-0.5632544524011815,0.05215801410024534,1.4914823944329565,0.25781621275570327,-1.840499015653074,-0.13116614795746934,-0.3026862940221719,0.23824287401092992,2.0684070619679806,4.136814123935961,15.57550984134723,0.7811093678297149
86,5Iron,A,20,5,rectangular,1024,14.677,50.023693080726346,0.1524,10.404948650719305,-4.460647491756289,-0.6738828054327286,-5.529497716811143,-0.565217420266879,-5.199764581502055,-1.5104234406780215,-4.943392206698173,-0.7575056231526743,-6.960404565795245,-0.35825940768197195,-4.716838276009566,-1.3086351181630707,-4.590956166648587,-0.7476630480972286,-7.1279650950073155,-0.5706481824851872,-5.739022522897791,-1.2030898929582312,1.830169880733401,3.660339761466802,13.772614440308676,0.8545019415926262
87,5Iron,A,20,6,rectangular,1024,15.406999999999991,52.84004041234901,0.1524,10.404948650719305,-0.18483632585550205,-0.025653999732549095,0.22381628126576675,0.006804438100767743,-0.16162762843623785,-0.0862345909570239,-1.8790957130154538,-0.28672032407401693,-1.9512259061407844,-0.08437960922823082,-1.3564176462540831,-0.7260867528094295,1.1046211997185762,0.1449424681958989,1.9452259112385009,0.060813881324907726,0.7837033637427666,0.41871275566279786,2.073984248967231,4.147968497934462,15.621778450791949,0.7994059066044559
88,5Iron,A,24,6,rectangular,1024,0.5110000000000001,44.07807093618961,0.1524,10.404948650719305,-0.09490634740011139,-0.02174228856697205,-0.1868594305060609,-0.041326311609250516,-1.391537455691068,-0.3265834730040995,-0.14181040506395903,-0.03233281383629331,-0.26963385413296537,-0.06026483768229099,-1.905473476223686,-0.3265834730040995,-0.030039077266963497,-0.006918647048972703,-0.056889400415127855,-0.012563545784810993,-0.9155295129918346,-0.20529974215758862,0.25544694724937145,0.5108938944987429,1.9179862205920102,2.145118679555189
90,5Iron,A,17,5,rectangular,1024,12.959999999999992,54.04704641161587,0.1524,10.404948650719305,-2.213581731780941,-0.42961824941021226,-2.6023968867697906,-0.3028420046644603,-1.3983206095141973,-1.0494084353465216,-2.673280993068366,-0.47137445073424855,-3.1949868469070877,-0.3215710879737916,-2.3665858491042715,-0.600443641678361,-2.7846556868531005,-0.520883611831788,-3.535046750525445,-0.36334181717914327,-2.784265515534463,-1.1853645367655097,1.6542931834962804,3.308586366992561,12.443758449542177,0.9172849332763519
91,5Iron,A,22,6,rectangular,1024,9.892999999999994,47.20734574910368,0.1524,10.404948650719305,-0.034191344753011846,-0.007351388515155412,0.3855836258544457,0.05227751820556174,-0.08469148454010403,-0.028248653761681064,-0.44122131375925794,-0.07242950058516104,-1.0240239499766786,-0.10682518286154903,-0.6640220431884386,-0.24531916803707254,0.7708426397182837,0.1266424149232488,2.112230813565742,0.14437138833021013,0.3290754985229524,0.2440417055497135,1.3886861795654903,2.7773723591309807,10.441756781784031,1.053626646417774
92,5Iron,A,19,5,rectangular,1024,10.917999999999983,48.10142426707913,0.1524,10.404948650719305,0.2624289323654738,0.04883912776683533,-0.3166485218950705,-0.032366100598046954,-0.6858579017195312,0.11166317967936656,0.18195681398866098,0.036945568434776484,0.3123330328928707,0.04034019102978534,-0.548567902556588,0.11166317967936656,0.8161434715539156,0.1459084608572805,0.6983304405099523,0.07095753703101651,-0.9436966212903087,0.1798936279179375,1.4549127740177914,2.909825548035583,10.939804100319733,1.0058188062164823
93,5Iron,A,20,5,rectangular,1024,1.5239999999999743,38.89241553193201,0.1524,10.404948650719305,-0.0372859931202855,-0.008430953980125215,-0.10745691962378777,-0.023076675992925344,-0.5266385316165126,-0.06509669492359427,-0.0325340492570058,-0.007367888780194299,-0.08022562929382711,-0.017191611231582873,-0.6842642006754864,-0.026982742728298703,-0.041671508382837126,-0.009412765194267116,-0.11331640327451317,-0.024347229829972727,-0.7303335221490221,-0.14798649184757373,0.37216837516523826,0.7443367503304765,2.794048546185296,1.858979688002948
94,5Iron,A,20,5,rectangular,1024,13.115999999999982,57.93628796480906,0.1524,10.404948650719305,-0.4758786895219862,-0.07195419783439519,-0.7403039583397266,-0.03174235908922381,-0.5872713680536044,-0.20252096365434014,-2.4067858695265976,-0.3736969972811649,-3.945897630104308,-0.18359020376417176,-2.60169014900884,-0.652752293922565,0.38329016629217705,0.06285029717544302,1.6458824737255529,0.06556050760860338,0.7415807440186621,0.1045073948026054,1.8177196947201546,3.635439389440309,13.682075021098793,0.883340420062072
95,5Iron,A,24,6,rectangular,1024,14.271999999999982,51.2306990799932,0.1524,10.404948650719305,0.003958024386219311,0.0017648232841792275,-1.4015904733501978,-0.07311974206416069,-0.7475068216612284,-0.01707521397201206,-1.3947356335118557,-0.22213966991910872,-2.705721245407835,-0.14345416156436952,-1.9295467973258704,-0.27145273440917217,-0.13232647923588187,-0.019296538282209782,-0.18010318214540721,-0.008720031177425619,-0.9492307821404031,-0.108744713588238,1.9059080915290516,3.811816183058103,14.34844760241199,0.8468228576104178
96,5Iron,A,16,4,rectangular,1024,14.196999999999997,57.93628796480906,0.1524,10.404948650719305,-0.8645956683088204,-0.13676333031457344,-1.1539275461992795,-0.061524376446622515,-1.2997255580588234,-0.17582226690909253,-3.158528345421253,-0.5110612319131879,-2.316148223241073,-0.19699799490058928,-2.828627880384969,-0.8385954463309864,0.7531456335757265,0.10517329532752433,-0.6341857339544748,-0.021717614175078767,-0.4357678063063684,0.09226840502072897,1.9370068808541419,3.8740137617082837,14.584699016582746,0.8420125190401792
97,5Iron,A,16,4,rectangular,1024,14.368000000000002,56.95280159503608,0.1524,10.404948650719305,1.6562360452102496,0.2531408655324245,1.442020994088867,0.07579458827035668,1.4261629908167934,0.44981389331855137,-1.9472270304375425,-0.29959036229576275,-2.8235889849661873,-0.19305884661158287,-2.391526397437234,-0.612870668372778,2.257397689908124,0.34640179741692856,1.9260062176720698,0.16589169110002466,1.9777096935792269,0.600596641291623,1.9516237768788858,3.9032475537577715,14.69520636507734,0.836547611268714
98,5Iron,A,17,5,rectangular,1024,14.74200000000001,59.05388611227838,0.1524,10.404948650719305,0.07118287501047693,0.01153032572080247,-0.3963746300442961,-0.019600917732149357,-0.3710466042682108,-0.052584435560554255,-2.0264467629210667,-0.2638337154769744,-2.730016801843946,-0.19065211865368692,-2.4436780839979346,-0.5163207584520824,1.740030349601268,0.2532750511543775,2.0011253470866546,0.04143043407434322,1.0077040498386605,0.28354501099299156,2.0490738298257094,4.098147659651419,15.434208507583765,0.81335466805409
99,5Iron,A,19,5,rectangular,1024,14.71499999999999,58.47273507559434,0.1524,10.404948650719305,-0.09232980961236667,-0.010719330359118928,0.12313010138567301,0.003844401910642256,-0.09218841171581525,0.020826633091974855,-1.6466110337386295,-0.22223637462009643,-2.127460015400932,-0.07303277838101695,-2.099941519250626,-0.4889079843097388,0.6121761173231742,0.07924441374221108,2.6172451859272288,0.0682959204564686,0.9184445720720635,0.09909668890992762,2.069316851266989,4.138633702533978,15.588137354243273,0.8102372342042677
101,5Iron,A,16,4,rectangular,1024,14.392000000000003,57.08691337273239,0.1524,10.404948650719305,-0.5452366215785522,-0.09838018566027672,-0.955098371647295,-0.06069840874455547,-1.191149876213292,-0.2141002114230628,-2.030730264140881,-0.3218939112121184,-2.218985569850579,-0.14206629762389383,-2.085216100316714,-0.49094725095338854,0.3442233697310625,0.05061664046397022,1.0439738927777098,0.0458633516236055,0.49845454663975525,0.13668415014942426,1.9135333155520295,3.827066631104059,14.40596371483836,0.8428939363622897
103,Driver,A,12,3,rectangular,1024,10.004000000000007,66.20651425608196,0.1524,10.404948650719305,0.06945787881351137,0.012731455152577557,0.2781120873054028,0.023316365609940454,-0.08039096404926234,-0.005320202454450751,-1.353933644373817,-0.2511641711837082,-2.0187324134939697,-0.19680267725773884,-1.9458932950581862,-0.3593094185221246,0.6800844419130959,0.13328702646934332,1.0516808571960057,0.12009325993225636,1.0230746353105302,0.34424251208531875,1.4680188300076558,2.9360376600153115,11.037954798479962,0.9924350878985017
104,Driver,A,23,6,rectangular,1024,17.990000000000002,61.557305962609625,0.1524,10.404948650719305,-5.273695742679141,-0.6210867115405206,-3.326543581386405,-0.09828470131106178,-4.177165222765468,-1.0609771904810161,-6.230749340693274,-0.7588601552653195,-4.678020076788298,-0.2117983571980653,-4.2552977074608265,-1.532011807389777,-5.155835336033445,-0.5424760179581805,-2.3892249284871974,-0.06364899071051419,-2.801148449953737,-1.0035257489353633,2.5019463814999865,5.003892762999973,18.871953151609723,0.6913486647756732
105,Driver,A,20,5,rectangular,1024,5.857999999999973,64.32894936833353,0.1524,10.404948650719305,-0.905354558829515,-0.18549883970206243,-1.8811812623954975,-0.25580894934115633,-2.4228923353351837,-0.46971804767149683,-1.0379360985311217,-0.2067625373960555,-2.1771265033682434,-0.27992070396850366,-2.7661162195380378,-0.5351169416292545,-0.7027662812420861,-0.14396077896695508,-1.5472497244848022,-0.2132881948810617,-1.8200452938351146,-0.46971804767149683,1.044172718182057,2.088345436364114,7.846955185495891,1.2631332221367655
112,Driver,A,12,3,rectangular,1024,10.008999999999974,68.57582232871691,0.1524,10.404948650719305,-2.3239811241396646,-0.4318145451170555,-4.56785816881076,-0.45894330920995996,-3.7695204348763904,-0.8067976091009843,-3.8257023032202255,-0.7311727848593698,-6.766504785200505,-0.7827660027351442,-5.260849485941906,-1.4700194602582095,-1.6387130490722286,-0.2778640141052957,-3.4906541792941415,-0.25022659308267076,-2.224506138435104,-0.41884308111043156,1.3903005998755602,2.7806011997511204,10.4496000118264,1.0011940781634343
113,Driver,A,16,5,rectangular,1024,13.960999999999997,65.53595536760038,0.1524,10.404948650719305,-0.2999220037567967,-0.046066121720390624,-0.22953568219356021,-0.009466841369631563,-0.4129942059749252,-0.007826740361882578,-1.2600188721328505,-0.19375201408026757,-1.644114843441789,-0.05411968151267223,-0.792348070574098,-0.47861322484430424,1.0550302351387624,0.1712193137489812,1.8945106850216695,0.1065430714726742,1.476839209621263,0.10732427515569576,1.9491502920374049,3.8983005840748097,14.67464697040641,0.8258946377695198
114,Driver,A,18,5,rectangular,1024,14.620999999999993,68.754638032312,0.1524,10.404948650719305,-0.9572312316387228,-0.1467342482532,-2.3533818502816004,-0.0777991423429499,-1.2789964299313872,-0.12821256593470998,-2.3566912986186974,-0.38105208548739505,-4.514111123773667,-0.20095331737435332,-3.336227098426068,-0.6304425364908661,-0.15580227306781347,-0.02268348194882324,-0.5265048573310684,-0.021786789307348016,-0.23146909425661139,-0.09026956541181574,2.16559499209531,4.33118998419062,16.31789028523732,0.7810483268166849
115,SandWedge,A,28,7,rectangular,1024,31.661999999999985,31.33745205503947,0.1524,10.404948650719305,-0.7778971099708042,-0.03929462060944293,-1.1266584499155012,-0.020348248949767,-0.6015948859085224,-0.19913593200520663,-0.8415391300883882,-0.03304017681394696,-1.8303849600941102,-0.024807390472731047,-0.8413789227273484,-0.10718170615467426,-0.9013783464344904,-0.04854405866659759,-1.1065678152712841,-0.019123264585854408,-0.45433377974739575,-0.3372358218183158,3.8724657626442394,7.744931525288479,29.397005873423044,0.4753926341898024
116,SandWedge,A,21,6,rectangular,1024,29.217000000000002,29.728110722683663,0.1524,10.404948650719305,4.422739139334701,0.5181239723277028,0.6051021466689325,0.020953151613141825,0.8915820514074956,0.28251612972467477,3.487760864883225,0.37047512727002524,-0.6397495299543428,-0.018682662565385002,1.0752163571531599,0.5934745380618334,2.752115607291657,0.3955274082211416,1.713453915284078,0.07501392656729697,0.6507973321942556,0.5934745380618334,3.3100337456237083,6.620067491247417,25.046198040024596,0.5376648972888615
117,SandWedge,A,20,5,rectangular,1024,30.729999999999986,33.79616797947195,0.1524,10.404948650719305,-1.0713023945181344,-0.04901778833930433,-1.675772813305007,-0.02077638107409917,-0.7528602289392585,-0.2245015059521016,0.09544050827316643,0.003475603483581212,-2.5173567297767376,-0.033123524981625393,-0.8946118411932258,-0.0931079340993346,-2.1014365726025,-0.07612887513384838,-0.9624818218544675,-0.013034738741819134,-1.1888721533099629,-0.23818215072931026,3.524188126309047,7.048376252618094,26.69652477231528,0.5106154543428811
118,SandWedge,A,28,7,rectangular,1024,33.168000000000006,32.544458054306325,0.1524,10.404948650719305,-5.633493479742052,-0.763836169670834,-2.6078641763732,-0.08581234613337983,-4.973633067352158,-2.078226737361377,-4.234476879327063,-0.47395848686774755,-3.003922699597651,-0.08633742350938628,-5.268627653427796,-1.8317066612575317,-6.580926118794887,-0.7558149772709277,-3.456320428657949,-0.10914304725454757,-4.360135813703465,-2.1996116619049264,3.9849769800591184,7.969953960118237,30.26995334610673,0.4620312690066585
119,SandWedge,A,24,6,rectangular,1024,26.353999999999992,33.125609090990366,0.1524,10.404948650719305,1.127841482707049,0.09242568217615683,-0.22291697273987948,-0.00426487901379026,0.4360071661145236,0.2128801848806039,-0.2496748923190858,-0.02264914167899051,-0.15431721713120283,-0.00685754369626246,-0.5968289802083573,0.06213970824316406,1.3618769457838633,0.12943220684969794,-0.06309783783638909,-0.0008856835867730338,0.22894126069105558,0.26903028085248915,3.1897268056889527,6.3794536113779055,24.126409774219685,0.5608317966675292
120,SandWedge,A,28,7,rectangular,1024,27.744999999999997,31.113932425545606,0.1524,10.404948650719305,-0.9217080291084698,-0.06764356608475577,-1.6327904945681677,-0.03448324723334846,-0.6203387917972839,-0.06582399574234787,-1.817126605592705,-0.0969479952744354,-1.5685145403538074,-0.030902992225685336,-1.0533959075878174,-0.2886685472818562,-0.6597042248729591,-0.044795413938489986,-0.9543074089685377,-0.021709317107888107,-0.32269150949210224,-0.03228206894352881,3.4623416439668486,6.924683287933697,26.22544818412126,0.526106820898689
121,SandWedge,A,24,6,rectangular,1024,24.805000000000007,30.890412796051745,0.1524,10.404948650719305,0.0473459545623296,0.009941388508285786,-1.443996186006356,-0.021110407344090525,-0.46369581474752297,0.009808504529368323,1.0548723543721477,0.08452612365332357,-2.0284980391321468,-0.02756514406779144,0.43021300589275097,0.20908088010351822,-1.7959730222073849,-0.17095054004222415,-2.1048912662047523,-0.04238404229474628,-1.234574815072853,-0.5329442435885068,2.9119847378435315,5.823969475687063,21.99614029432109,0.6010643022550819
122,SandWedge,A,24,6,rectangular,1024,31.036999999999985,31.069228499646837,0.1524,10.404948650719305,0.48572392336905623,0.03476722686437819,-1.8389601145692012,-0.0337614783096703,0.24879611183345066,0.13853314626928737,0.42937987121711363,0.04257407304487129,-2.1225706820676438,-0.03706888214633543,-0.6120420120578915,0.2280084150116657,0.7912349016214868,0.04365208879696669,0.06686656987635131,0.0007600775160449042,0.9167936116521596,0.2280084150116657,3.4249328883737884,6.849865776747577,25.929636526856708,0.5202917978149689
123,SandWedge,A,29,8,rectangular,1024,29.30099999999999,36.567811385195846,0.1524,10.404948650719305,-0.5370614718198374,-0.023350104709845117,-1.772152251585108,-0.036176262866485925,-1.5043125361831609,-0.10499953550278107,-2.6086925169073583,-0.16185197058610784,-2.278856808737509,-0.049694930643224076,-2.3603049370930265,-0.4196934809792552,-0.08175756394074987,-0.003705557366920179,-2.083985511063809,-0.03671440396306084,-0.8410363191016346,-0.0814761441619627,3.7012055625709195,7.402411125141839,28.071527168099777,0.4972382779092419
124,SandWedge,A,24,6,rectangular,1024,28.975,37.64070560676638,0.1524,10.404948650719305,-4.674050253462077,-0.28342670785076685,-2.3591708318695623,-0.045701239544277406,-2.905985196137151,-0.5742326095152794,-4.364785460700672,-0.22678738161385142,-1.606239201867819,-0.024937372607817088,-2.537159483088657,-0.5441656341310941,-3.977711034387827,-0.3044021238705825,-3.829106073727476,-0.06981705000874486,-3.1476549568681946,-0.5422679335045699,3.497486384293025,6.99497276858605,26.495186275163086,0.5184960128241207
130,9Iron (relabeled),B,13,4,rectangular,1024,22.888999999999974,45.73211619444419,0.5715,6.6,-0.570544845223606,-0.015699495570845698,-0.18651731946930958,-0.0041808323771748675,0.9811691628335473,0.6718466941162182,-2.1583852312025336,-0.0460080289991007,1.0615777045649113,0.032117224726337296,0.898736506626313,0.08590919411621822,-0.8550092507896672,-0.048522692603174544,0.2834966564670243,0.011831218522496125,0.9296262306927996,0.21859186287174204,6.678854341727836,13.357708683455671,13.102698597322604,1.6546091220894474
131,9Iron (relabeled),B,19,6,rectangular,1024,20.895000000000007,49.263726340447214,0.5715,6.6,0.8654522635426433,0.020390965983630934,-2.0811557819798145,-0.05684577047049184,2.8192931987770518,1.3370332220676628,0.8595404165940805,0.027197826119524742,-1.88727731569051,-0.033802215573568765,2.040734869529119,0.9146296305196144,1.424280345391049,0.02695576996597635,-3.6291258361132783,-0.07163693715545176,3.2440199665888425,1.5005671305196144,8.644109543751878,17.288219087503755,17.11365102046774,1.6682298671661466
132,9Iron (relabeled),B,22,7,rectangular,1024,18.08299999999998,41.440539308162045,0.5715,6.6,-0.7458311424421378,-0.03136235507627301,-0.30337570614609294,-0.026584857262949065,0.07967126791016836,0.14454124037672766,-1.4549037203409987,-0.17343207625661444,-0.8574725870167224,-0.04353644461552408,0.058479668358362186,-0.42874373396488696,-1.8264431737889244,-0.08261072692874741,-0.6730642320854607,-0.03158166976432039,0.2232256236390681,0.14454124037672766,7.918854097573447,15.837708195146893,15.689083949343956,1.7824523861683286
133,9Iron,B,14,6,rectangular,1024,21.477999999999987,47.47556930449632,0.5715,6.6,-1.5961581462258958,-0.11398510682353266,0.2483130775828297,0.0038878991242161246,-0.32414975523506967,-0.20889415342335016,-1.6500363771446043,-0.11411699394967326,-0.6106301534963154,-0.028758115203278013,-0.8683648472759211,-0.5018629034233502,-1.98088415377056,-0.11497509097648646,0.910727681980952,0.022133129326475896,0.3302958441431464,-0.2705198861358282,6.369203180156779,12.738406360313558,12.494969327204814,1.6879281203481342
134,9Iron,B,16,5,rectangular,1024,15.599999999999998,48.32494389657299,0.5715,6.6,-1.4558459515670266,-0.08511508621101531,-1.4173514159314458,-0.04888318651878206,-1.5057763894071534,-0.8949721311439118,-2.0717576750764435,-0.08772823863606974,-1.6035414257511889,-0.032030371067233214,-1.7521350206971902,-1.068204597227762,-0.2939984821311631,-0.022778360796033327,-2.6241144950415674,-0.06605338050024287,-1.9846049342347727,-1.385189690682026,4.592198265479819,9.184396530959638,8.993174268791424,1.8432049410935831
137,9Iron,B,29,8,rectangular,1024,18.307,50.06839700662512,0.5715,6.6,-1.2205783715969787,-0.046019990649756044,-2.932681882443134,-0.05913018079930096,-3.316816273257703,-1.5300174134682987,-0.21835523822807887,-0.005801577250890604,-2.610254295789647,-0.07805047941242634,-2.9973217786796216,-1.6518156690273456,-1.702801515055653,-0.07771456615419475,-3.193362526291193,-0.13217361518518655,-3.5751111698051226,-1.6518156690273456,7.374838450903987,14.749676901807973,14.57263870236687,1.767360709517417
142,9Iron,C,13,5,rectangular,1024,15.446,45.553300490849104,0.2667,3.8,-2.436801987346263,-0.3524691721686636,-2.990966241772929,-0.2637456770715717,-5.3142650216132905,-4.463856331440086,-2.20536399547618,-0.646453812318213,-1.2968603053709402,-0.1250352283991423,-5.08292388672336,-4.906716090234308,-3.791793953826377,-0.456523231531042,-4.685627282286001,-0.3497994069443464,-5.560398014852671,-3.7348410902343088,3.4853184822120076,6.970636964424015,14.973932039641639,1.2687066380845444
144,9Iron,C,24,7,rectangular,1024,21.873,47.20734574910368,0.2667,3.8,-5.165602843674429,-0.6156056770029329,-0.5897503198223117,-0.02028772991252569,-3.792895677936335,-1.870510126327024,-5.842007812920892,-0.5734605239136294,-0.04854597999899046,-0.0029736856747149395,-3.613069843918313,-1.9938051135599544,-4.289228484505041,-0.5207639227546069,0.4211649187116122,0.016358510246943948,-3.526744286591741,-1.9514114652445014,3.885020585328469,7.770041170656938,16.683835684357405,1.1084568950445928
145,9Iron,C,22,6,rectangular,1024,21.694999999999986,48.727279229661946,0.2667,3.8,-4.792213649311169,-0.44761595315616554,-1.7189046788582436,-0.053948779166548694,-3.9417611763087987,-1.4403277027191352,-5.749353303367812,-0.49618852110063505,-2.332406481595896,-0.09634810995505266,-3.6185806101504427,-1.7573446901024303,-4.037492725647292,-0.36689315640901377,-1.3019367256741154,-0.008355243744493989,-3.7869036226160158,-1.6369978156501819,3.658020269171658,7.316040538343316,15.697404809792106,1.1358249626659433
146,9Iron,C,28,7,rectangular,1024,6.429999999999999,41.88757856714977,0.2667,3.8,1.4819852850154098,0.2728904054571007,2.76887160784825,0.2359521839524057,1.644839455373301,0.5059742922978505,1.8485266134730338,0.3339890304191291,2.6255050779931057,0.2543875194342825,1.6267043857244199,0.5716231503729963,1.4825032232210185,0.2795504311519539,3.0817904351192427,0.24809089914177784,2.304431415109629,0.5059742922978505,1.3950984566546865,2.790196913309373,5.9732465797321,1.87777919289151
147,9Iron,C,17,6,rectangular,1024,23.108,48.012016415281586,0.2667,3.8,-8.902848802268968,-1.570752791813174,-5.236018593216432,-0.866802238551079,-6.524336592308493,-3.8790690009966156,-7.806166478607785,-2.377169656275877,-3.607833746928017,-0.4709594322907188,-6.224188201976676,-3.8790690009966156,-6.8445098084345375,-1.2740456731461696,-5.014440359473347,-0.8674066422105979,-5.94596746164512,-4.224897201234768,3.675342541465998,7.350685082931996,15.767970285182447,1.1186288371207325
149,9Iron,C,18,5,rectangular,1024,23.08599999999999,50.560140191511614,0.2667,3.8,-4.307449458906128,-0.5536226248496153,-0.1958277204690564,-0.009760874941766057,-3.7225501616342944,-2.2876781514137523,-4.016652108675407,-0.41226632947711084,0.38038460358250364,0.020611800700736024,-3.560001982183129,-2.2876781514137523,-5.084629195428997,-0.5910714910622151,-0.7890606371565815,-0.03385283372063039,-4.182609759368099,-2.1976717724857764,3.9106447558295954,7.821289511659191,16.789854936272548,1.091494468289352
151,9Iron,C,24,7,rectangular,1024,19.529000000000003,46.0450436757356,0.2667,3.8,-4.716492246365554,-0.7578452553815951,-4.054285516587909,-0.20216197400176836,-4.354371315700805,-1.939750335047341,-4.646062162184824,-0.6741569245463548,-3.767306630729179,-0.21142926845986698,-3.789812302140615,-1.8893734039801047,-5.652891663855952,-0.9333875519155201,-4.638622210640448,-0.225856225080153,-4.327104923989277,-1.7869334157343986,3.47170393579157,6.94340787158314,14.897427233347493,1.1866665438037967
152,7Iron,C,19,6,rectangular,1024,16.805000000000007,52.30359330156374,0.2667,3.8,7.526154504510496,1.73020800556541,3.439873725659017,0.2550368749133178,5.256976719801757,2.6054441197280065,7.1700073776534134,1.3438076573433313,2.4650981751081567,0.1945262375081639,4.468838893350667,2.210378026534432,8.287874729364777,1.7784665794202867,4.486232069402876,0.3278924362589002,6.436199033928631,2.7293301567103967,3.022956024745782,6.045912049491564,12.961818811490733,1.2849602809781473
167,7Iron,C,12,5,rectangular,1024,17.914999999999985,56.863393743238525,0.2667,3.8,-0.6588136340392141,-0.12133938164481287,-1.9766583107719569,-0.1532041505159393,-1.6310090456310928,-3.034088857481149,-2.067040415071827,-0.3679744874825184,-1.8393154569212138,-0.2446734483253078,-2.736313789279455,-1.1874722467584475,1.3417442550513952,0.22724566907093618,-0.47341290232459454,-0.06151560991745725,-0.389660145168194,-0.3037336895796605,2.569004615712356,5.138009231424712,10.996377724942512,1.3221471042626183
168,7Iron,C,17,5,rectangular,1024,20.05000000000001,54.89642100369254,0.2667,3.8,-4.914538602370815,-0.3943848372889906,-0.16619069919355076,-0.00693887703705931,-3.288706814184814,-0.9590548118475151,-5.452258800276758,-0.43167040524320793,-0.46656264258150437,-0.015191742877339445,-2.1408066847846507,-0.8945107294591192,-4.100726488261859,-0.41007557738508166,-1.5074325042430747,-0.044773915311302835,-2.722462971505644,-0.9590548118475151,3.3896732745783753,6.779346549156751,14.539049123883048,1.1883389973763958
